F_BUS,T_BUS,BR_R,BR_X,BR_B,RATE_A,RATE_B,RATE_C,TAP,SHIFT,BR_STATUS,ANGMIN,ANGMAX,PF,QF,PT,QT,MU_SF,MU_ST,MU_ANGMIN,MU_ANGMAX
2,1,0.000531,0.00314,0,76.5,0,0,0,0,1,0,0,-42.8,0,42.8,0,0,0,0,0
44,1,0.005479,0.050257,0.01781,320.29,0,0,0,0,1,0,0,35.620539,0,-35.620539,0,0,0,0,0
421,1,0.005369,0.051555,0.01664,320.29,0,0,0,0,1,0,0,7.17946097,0,-7.17946097,0,0,0,0,0
4,3,0.000692,0.003518,0,225.06,0,0,0,0,1,0,0,-132.69,0,132.69,0,0,0,0,0
62,3,0.002718,0.026098,0.00842,320.29,0,0,0,0,1,0,0,11.019461,0,-11.019461,0,0,0,0,0
3,479,0.007258,0.069699,0.0225,320.29,0,0,0,0,1,0,0,-121.670539,0,121.670539,0,0,0,0,0
6,5,0.000556,0.003563,0,4.49,0,0,0,0,1,0,0,-3.21,0,3.21,0,0,0,0,0
316,5,0.002445,0.02348,0.00758,320.29,0,0,0,0,1,0,0,-119.862386,0,119.862386,0,0,0,0,0
401,5,0.004886,0.04692,0.01515,320.29,0,0,0,0,1,0,0,123.072386,0,-123.072386,0,0,0,0,0
8,7,0.000355,0.0129,0,567,0,0,1,0,1,0,0,-255.803464,0,255.803464,0,0,0,0,0
9,7,0.00012,0.01362,0,680,0,0,1,0,1,0,0,385.9,0,-385.9,0,0,0,0,0
9,7,0.00012,0.01362,0,680,0,0,1,0,1,0,0,385.9,0,-385.9,0,0,0,0,0
7,232,0.001119,0.014808,0.31205,1493.89,0,0,0,0,1,0,0,231.238363,0,-231.238363,0,0,0,0,0
7,262,0.000947,0.013749,0.23994,1493.89,0,0,0,0,1,0,0,284.758173,0,-284.758173,0,0,0,0,0
8,287,0.003727,0.035786,0.01155,320.29,0,0,0,0,1,0,0,197.395101,0,-197.395101,0,0,0,0,0
8,457,0.001974,0.018955,0.00612,320.29,0,0,0,0,1,0,0,58.4083635,0,-58.4083635,0,0,0,0,0
11,10,0.000655,0.003201,0,3.96,0,0,0,0,1,0,0,-2.47,0,2.47,0,0,0,0,0
342,10,0.002825,0.027123,0.00876,320.29,0,0,0,0,1,0,0,-51.3351454,0,51.3351454,0,0,0,0,0
10,349,0.001402,0.01346,0.00434,320.29,0,0,0,0,1,0,0,-53.8051454,0,53.8051454,0,0,0,0,0
13,12,0.000623,0.003134,0,65.5,0,0,0,0,1,0,0,-37.16,0,37.16,0,0,0,0,0
12,216,0.003962,0.038048,0.01228,320.29,0,0,0,0,1,0,0,28.9945943,0,-28.9945943,0,0,0,0,0
12,304,0.00231,0.021191,0.00751,320.29,0,0,0,0,1,0,0,88.4836071,0,-88.4836071,0,0,0,0,0
12,441,0.001565,0.015025,0.00485,320.29,0,0,0,0,1,0,0,-154.638201,0,154.638201,0,0,0,0,0
15,14,0.000208,0.01122,0,682,0,0,1,0,1,0,0,-418.477745,0,418.477745,0,0,0,0,0
16,14,0.000326,0.01202,0,596,0,0,1,0,1,0,0,444.45,0,-444.45,0,0,0,0,0
17,14,0.000279,0.01438,0,674,0,0,1,0,1,0,0,398.285,0,-398.285,0,0,0,0,0
17,14,0.000354,0.01438,0,674,0,0,1,0,1,0,0,398.285,0,-398.285,0,0,0,0,0
18,14,0.001417,0.05115,0,340,0,0,1,0,1,0,0,157.6,0,-157.6,0,0,0,0,0
386,14,0.000317,0.004547,0.08136,1493.89,0,0,0,0,1,0,0,-490.232743,0,490.232743,0,0,0,0,0
386,14,0.00032,0.00455,0.08136,1493.9,0,0,0,0,1,0,0,-489.909513,0,489.909513,0,0,0,0,0
15,91,0.004799,0.046085,0.01488,320.29,0,0,0,0,1,0,0,61.9392956,0,-61.9392956,0,0,0,0,0
15,230,0.010894,0.104607,0.03377,320.29,0,0,0,0,1,0,0,112.978428,0,-112.978428,0,0,0,0,0
367,15,0.001918,0.018416,0.00594,320.29,0,0,0,0,1,0,0,-166.506583,0,166.506583,0,0,0,0,0
15,369,0.001854,0.01701,0.00603,320.29,0,0,0,0,1,0,0,55.9406159,0,-55.9406159,0,0,0,0,0
15,473,0.009225,0.084621,0.02999,320.29,0,0,0,0,1,0,0,21.1128222,0,-21.1128222,0,0,0,0,0
20,19,0.000541,0.003886,0,7.53,0,0,0,0,1,0,0,-4.54,0,4.54,0,0,0,0,0
19,112,0.004722,0.045345,0.01464,320.29,0,0,0,0,1,0,0,-21.5238584,0,21.5238584,0,0,0,0,0
193,19,0.002221,0.021323,0.00688,320.29,0,0,0,0,1,0,0,3.8080295,0,-3.8080295,0,0,0,0,0
19,272,0.002293,0.02202,0.00711,320.29,0,0,0,0,1,0,0,20.7918879,0,-20.7918879,0,0,0,0,0
22,21,0.000587,0.003174,0,254.15,0,0,0,0,1,0,0,-148.7,0,148.7,0,0,0,0,0
21,112,0.005092,0.048896,0.01578,320.29,0,0,0,0,1,0,0,53.7465873,0,-53.7465873,0,0,0,0,0
21,196,0.002207,0.020247,0.00718,320.29,0,0,0,0,1,0,0,-202.446587,0,202.446587,0,0,0,0,0
24,23,0.00033,0.01764,0,626,0,0,1,0,1,0,0,-298.658889,0,298.658889,0,0,0,0,0
151,23,0.000182,0.002607,0.04665,1493.89,0,0,0,0,1,0,0,-62.4274205,0,62.4274205,0,0,0,0,0
23,386,0.001642,0.023851,0.41623,1493.89,0,0,0,0,1,0,0,-216.012091,0,216.012091,0,0,0,0,0
23,464,0.000947,0.012532,0.26411,1493.89,0,0,0,0,1,0,0,-20.9926076,0,20.9926076,0,0,0,0,0
23,471,0.000532,0.007041,0.14837,1493.89,0,0,0,0,1,0,0,-124.08161,0,124.08161,0,0,0,0,0
25,24,0.000613,0.003629,0,3.56,0,0,0,0,1,0,0,-2.28,0,2.28,0,0,0,0,0
26,24,0.000563,0.003729,0,29.46,0,0,0,0,1,0,0,-21.66,0,21.66,0,0,0,0,0
210,24,0.002218,0.020344,0.00721,320.29,0,0,0,0,1,0,0,-123.841543,0,123.841543,0,0,0,0,0
24,360,0.002365,0.022714,0.00733,320.29,0,0,0,0,1,0,0,150.877346,0,-150.877346,0,0,0,0,0
28,27,0.000687,0.003963,0,108.61,0,0,0,0,1,0,0,-62.93,0,62.93,0,0,0,0,0
27,68,0.005607,0.053845,0.01738,320.29,0,0,0,0,1,0,0,-99.204972,0,99.204972,0,0,0,0,0
27,382,0.00337,0.030912,0.01095,320.29,0,0,0,0,1,0,0,36.274972,0,-36.274972,0,0,0,0,0
30,29,0.000616,0.003298,0,156.98,0,0,0,0,1,0,0,-99.97,0,99.97,0,0,0,0,0
454,29,0.00247,0.022656,0.00803,320.29,0,0,0,0,1,0,0,114.563824,0,-114.563824,0,0,0,0,0
29,491,0.005607,0.053837,0.01738,320.29,0,0,0,0,1,0,0,14.5938243,0,-14.5938243,0,0,0,0,0
32,31,0.000625,0.003429,0,15.7,0,0,0,0,1,0,0,-9.76,0,9.76,0,0,0,0,0
31,85,0.005303,0.050926,0.01644,320.29,0,0,0,0,1,0,0,-41.7094757,0,41.7094757,0,0,0,0,0
104,31,0.005526,0.053062,0.01713,320.29,0,0,0,0,1,0,0,-16.4938877,0,16.4938877,0,0,0,0,0
31,189,0.005707,0.0548,0.01769,320.29,0,0,0,0,1,0,0,4.69050466,0,-4.69050466,0,0,0,0,0
31,205,0.007797,0.074869,0.02417,320.29,0,0,0,0,1,0,0,-7.10324228,0,7.10324228,0,0,0,0,0
31,218,0.008273,0.079446,0.02565,320.29,0,0,0,0,1,0,0,-31.5341027,0,31.5341027,0,0,0,0,0
267,31,0.004897,0.047021,0.01518,320.29,0,0,0,0,1,0,0,-49.4024283,0,49.4024283,0,0,0,0,0
34,33,0.000624,0.003284,0,43.35,0,0,0,0,1,0,0,-25,0,25,0,0,0,0,0
83,33,0.005287,0.050764,0.01639,320.29,0,0,0,0,1,0,0,-15.0148546,0,15.0148546,0,0,0,0,0
112,33,0.007061,0.067808,0.02189,320.29,0,0,0,0,1,0,0,40.0148546,0,-40.0148546,0,0,0,0,0
36,35,0.000583,0.00303,0,62.87,0,0,0,0,1,0,0,-43.35,0,43.35,0,0,0,0,0
191,35,0.004038,0.037042,0.01313,320.29,0,0,0,0,1,0,0,6.65014385,0,-6.65014385,0,0,0,0,0
35,399,0.005636,0.054123,0.01747,320.29,0,0,0,0,1,0,0,-36.6998561,0,36.6998561,0,0,0,0,0
38,37,0.000546,0.003823,0,0.18,0,0,0,0,1,0,0,-0.13,0,0.13,0,0,0,0,0
76,37,0.001474,0.014156,0.00457,320.29,0,0,0,0,1,0,0,113.331942,0,-113.331942,0,0,0,0,0
37,176,0.003039,0.02918,0.00942,320.29,0,0,0,0,1,0,0,113.201942,0,-113.201942,0,0,0,0,0
40,39,0.0007,0.02531,0,428,0,0,1,0,1,0,0,-88.0251632,0,88.0251632,0,0,0,0,0
39,332,0.000403,0.005786,0.10355,1493.89,0,0,0,0,1,0,0,-26.0849358,0,26.0849358,0,0,0,0,0
39,428,0.000521,0.006898,0.14538,1493.89,0,0,0,0,1,0,0,-61.9402274,0,61.9402274,0,0,0,0,0
41,40,0.000631,0.003923,0,97.47,0,0,0,0,1,0,0,-57.99,0,57.99,0,0,0,0,0
40,131,0.002909,0.026681,0.00946,320.29,0,0,0,0,1,0,0,30.0351632,0,-30.0351632,0,0,0,0,0
43,42,0.000542,0.003119,0,7.7,0,0,0,0,1,0,0,-4.46,0,4.46,0,0,0,0,0
81,42,0.002361,0.02166,0.00768,320.29,0,0,0,0,1,0,0,70.1634576,0,-70.1634576,0,0,0,0,0
42,191,0.006368,0.05842,0.0207,320.29,0,0,0,0,1,0,0,65.7034576,0,-65.7034576,0,0,0,0,0
45,44,0.000637,0.003876,0,2.84,0,0,0,0,1,0,0,-2.03,0,2.03,0,0,0,0,0
44,200,0.002105,0.019311,0.00684,320.29,0,0,0,0,1,0,0,-37.650539,0,37.650539,0,0,0,0,0
47,46,0.000602,0.003454,0,63,0,0,0,0,1,0,0,-43.41,0,43.41,0,0,0,0,0
46,156,0.006611,0.063482,0.02049,320.29,0,0,0,0,1,0,0,39.8117372,0,-39.8117372,0,0,0,0,0
238,46,0.003134,0.030093,0.00971,320.29,0,0,0,0,1,0,0,83.2217372,0,-83.2217372,0,0,0,0,0
49,48,0.01331,0.27853,0,57,0,0,1,0,1,0,0,1.3,0,-1.3,0,0,0,0,0
50,48,0.00715,0.16356,0,70,0,0,1,0,1,0,0,2.6,0,-2.6,0,0,0,0,0
51,48,0.000658,0.003672,0,0.56,0,0,0,0,1,0,0,-0.35,0,0.35,0,0,0,0,0
52,48,0.00062,0.003342,0,37.95,0,0,0,0,1,0,0,-23.39,0,23.39,0,0,0,0,0
358,48,0.0045,0.041283,0.01463,320.29,0,0,0,0,1,0,0,-3.31928711,0,3.31928711,0,0,0,0,0
419,48,0.004637,0.044525,0.01437,320.29,0,0,0,0,1,0,0,23.1592871,0,-23.1592871,0,0,0,0,0
54,53,0.00068,0.003061,0,51.27,0,0,0,0,1,0,0,-34.81,0,34.81,0,0,0,0,0
233,53,0.002362,0.021667,0.00768,320.29,0,0,0,0,1,0,0,98.0319512,0,-98.0319512,0,0,0,0,0
53,276,0.001502,0.014424,0.00466,320.29,0,0,0,0,1,0,0,63.2219512,0,-63.2219512,0,0,0,0,0
56,55,0.000641,0.00331,0,3.15,0,0,0,0,1,0,0,-2.25,0,2.25,0,0,0,0,0
55,66,0.00433,0.041575,0.01342,320.29,0,0,0,0,1,0,0,-36.1159748,0,36.1159748,0,0,0,0,0
55,500,0.004481,0.041102,0.01457,320.29,0,0,0,0,1,0,0,33.8659748,0,-33.8659748,0,0,0,0,0
58,57,0.00012,0.01762,0,675,0,0,1,0,1,0,0,-279.677472,0,279.677472,0,0,0,0,0
58,57,0.00012,0.01762,0,675,0,0,1,0,1,0,0,-279.677472,0,279.677472,0,0,0,0,0
57,123,0.001682,0.024427,0.42627,1493.89,0,0,0,0,1,0,0,-433.886313,0,433.886313,0,0,0,0,0
440,57,0.000601,0.008726,0.15227,1493.89,0,0,0,0,1,0,0,125.468632,0,-125.468632,0,0,0,0,0
59,58,0.00062,0.003848,0,252.93,0,0,0,0,1,0,0,-140.94,0,140.94,0,0,0,0,0
58,253,0.004532,0.04352,0.01405,320.29,0,0,0,0,1,0,0,93.6279473,0,-93.6279473,0,0,0,0,0
322,58,0.002019,0.019385,0.00626,320.29,0,0,0,0,1,0,0,-162.414439,0,162.414439,0,0,0,0,0
322,58,0.00202,0.01939,0.00626,320.3,0,0,0,0,1,0,0,-162.372558,0,162.372558,0,0,0,0,0
61,60,0.000529,0.003518,0,0.32,0,0,0,0,1,0,0,-0.2,0,0.2,0,0,0,0,0
60,131,0.001985,0.018208,0.00645,320.29,0,0,0,0,1,0,0,-13.2981212,0,13.2981212,0,0,0,0,0
466,60,0.002011,0.019314,0.00623,320.29,0,0,0,0,1,0,0,-13.0981212,0,13.0981212,0,0,0,0,0
63,62,0.0032,0.16353,0,70,0,0,1,0,1,0,0,0,0,-0,0,0,0,0,0
64,62,0.000661,0.003274,0,45.58,0,0,0,0,1,0,0,-34.78,0,34.78,0,0,0,0,0
287,62,0.005453,0.052365,0.0169,320.29,0,0,0,0,1,0,0,-22.6006285,0,22.6006285,0,0,0,0,0
62,457,0.007267,0.069786,0.02253,320.29,0,0,0,0,1,0,0,-68.4000894,0,68.4000894,0,0,0,0,0
66,65,0.000808,0.03088,0,405,0,0,1,0,1,0,0,-99.4920654,0,99.4920654,0,0,0,0,0
80,65,0.00096,0.013773,0.24648,1493.89,0,0,0,0,1,0,0,75.5298826,0,-75.5298826,0,0,0,0,0
65,297,0.00092,0.013192,0.23607,1493.89,0,0,0,0,1,0,0,-23.9621828,0,23.9621828,0,0,0,0,0
67,66,0.000661,0.003359,0,6.71,0,0,0,0,1,0,0,-4.57,0,4.57,0,0,0,0,0
66,308,0.00718,0.06895,0.02226,320.29,0,0,0,0,1,0,0,58.8060907,0,-58.8060907,0,0,0,0,0
69,68,0.000669,0.003998,0,27.64,0,0,0,0,1,0,0,-16.96,0,16.96,0,0,0,0,0
68,295,0.004469,0.040995,0.01453,320.29,0,0,0,0,1,0,0,-62.7970207,0,62.7970207,0,0,0,0,0
68,314,0.001805,0.017334,0.0056,320.29,0,0,0,0,1,0,0,-53.3679513,0,53.3679513,0,0,0,0,0
71,70,0.00103,0.04472,0,133,0,0,1,0,1,0,0,4,0,-4,0,0,0,0,0
72,70,0.00292,0.14481,0,60,0,0,1,0,1,0,0,2,0,-2,0,0,0,0,0
73,70,0.012696,0.27303,0,49,0,0,1,0,1,0,0,1.4,0,-1.4,0,0,0,0,0
216,70,0.002596,0.02381,0.00844,320.29,0,0,0,0,1,0,0,-26.1054057,0,26.1054057,0,0,0,0,0
70,490,0.002127,0.019512,0.00691,320.29,0,0,0,0,1,0,0,-18.7054057,0,18.7054057,0,0,0,0,0
75,74,0.000584,0.003339,0,8.81,0,0,0,0,1,0,0,-5.3,0,5.3,0,0,0,0,0
74,189,0.005632,0.054084,0.01746,320.29,0,0,0,0,1,0,0,9.37949534,0,-9.37949534,0,0,0,0,0
240,74,0.004434,0.04067,0.01441,320.29,0,0,0,0,1,0,0,14.6794953,0,-14.6794953,0,0,0,0,0
77,76,0.000695,0.003313,0,12.16,0,0,0,0,1,0,0,-6.95,0,6.95,0,0,0,0,0
452,76,0.002012,0.019322,0.00624,320.29,0,0,0,0,1,0,0,120.281942,0,-120.281942,0,0,0,0,0
79,78,0.000622,0.003279,0,0.52,0,0,0,0,1,0,0,-0.38,0,0.38,0,0,0,0,0
78,328,0.005432,0.049829,0.01766,320.29,0,0,0,0,1,0,0,155.297603,0,-155.297603,0,0,0,0,0
78,387,0.002354,0.022609,0.0073,320.29,0,0,0,0,1,0,0,-155.677603,0,155.677603,0,0,0,0,0
81,80,0.00065,0.03481,0,529,0,0,1,0,1,0,0,-135.715023,0,135.715023,0,0,0,0,0
82,80,0.00043,0.03113,0,628,0,0,1,0,1,0,0,361.9,0,-361.9,0,0,0,0,0
407,80,0.000818,0.010825,0.22813,1493.89,0,0,0,0,1,0,0,-150.655095,0,150.655095,0,0,0,0,0
149,81,0.002879,0.02641,0.00936,320.29,0,0,0,0,1,0,0,-65.551565,0,65.551565,0,0,0,0,0
84,83,0.000638,0.003655,0,105.41,0,0,0,0,1,0,0,-61.41,0,61.41,0,0,0,0,0
83,342,0.004116,0.03952,0.01276,320.29,0,0,0,0,1,0,0,-46.3951454,0,46.3951454,0,0,0,0,0
86,85,0.000652,0.003901,0,30.04,0,0,0,0,1,0,0,-17.59,0,17.59,0,0,0,0,0
272,85,0.004412,0.04047,0.01434,320.29,0,0,0,0,1,0,0,59.2994757,0,-59.2994757,0,0,0,0,0
88,87,0.000623,0.003569,0,7.69,0,0,0,0,1,0,0,-5.25,0,5.25,0,0,0,0,0
87,141,0.001846,0.017727,0.00572,320.29,0,0,0,0,1,0,0,326.315672,0,-326.315672,0,0,0,0,0
87,143,0.00382,0.035043,0.01242,320.29,0,0,0,0,1,0,0,-295.4036,0,295.4036,0,0,0,0,0
423,87,0.001836,0.017627,0.00569,320.29,0,0,0,0,1,0,0,36.1620721,0,-36.1620721,0,0,0,0,0
90,89,0.000554,0.003864,0,10.48,0,0,0,0,1,0,0,-5.9,0,5.9,0,0,0,0,0
89,187,0.002116,0.020322,0.00656,320.29,0,0,0,0,1,0,0,34.6832691,0,-34.6832691,0,0,0,0,0
89,457,0.009012,0.082666,0.02929,320.29,0,0,0,0,1,0,0,-40.5832691,0,40.5832691,0,0,0,0,0
92,91,0.000572,0.003617,0,104.24,0,0,0,0,1,0,0,-65.03,0,65.03,0,0,0,0,0
91,133,0.00504,0.048401,0.01562,320.29,0,0,0,0,1,0,0,-3.09070441,0,3.09070441,0,0,0,0,0
94,93,0.000536,0.003281,0,8.18,0,0,0,0,1,0,0,-5.21,0,5.21,0,0,0,0,0
269,93,0.003921,0.035965,0.01275,320.29,0,0,0,0,1,0,0,-43.9051017,0,43.9051017,0,0,0,0,0
336,93,0.005795,0.053155,0.01884,320.29,0,0,0,0,1,0,0,49.1151017,0,-49.1151017,0,0,0,0,0
96,95,0.000563,0.003253,0,56.18,0,0,0,0,1,0,0,-34,0,34,0,0,0,0,0
95,170,0.002111,0.020268,0.00654,320.29,0,0,0,0,1,0,0,12.3746185,0,-12.3746185,0,0,0,0,0
95,369,0.004094,0.039316,0.01269,320.29,0,0,0,0,1,0,0,-46.3746185,0,46.3746185,0,0,0,0,0
98,97,0.000569,0.003986,0,66.43,0,0,0,0,1,0,0,-37.09,0,37.09,0,0,0,0,0
181,97,0.002992,0.028734,0.00928,320.29,0,0,0,0,1,0,0,13.3284278,0,-13.3284278,0,0,0,0,0
358,97,0.002676,0.024552,0.0087,320.29,0,0,0,0,1,0,0,23.7615722,0,-23.7615722,0,0,0,0,0
100,99,0.000644,0.00362,0,22.69,0,0,0,0,1,0,0,-13.52,0,13.52,0,0,0,0,0
101,99,0.000699,0.003294,0,1.37,0,0,0,0,1,0,0,-0.89,0,0.89,0,0,0,0,0
99,465,0.002689,0.02582,0.00834,320.29,0,0,0,0,1,0,0,-9.70187969,0,9.70187969,0,0,0,0,0
472,99,0.003318,0.031864,0.01029,320.29,0,0,0,0,1,0,0,4.70812031,0,-4.70812031,0,0,0,0,0
103,102,0.000614,0.003874,0,64.6,0,0,0,0,1,0,0,-38.8,0,38.8,0,0,0,0,0
102,308,0.00565,0.054254,0.01751,320.29,0,0,0,0,1,0,0,-67.1892871,0,67.1892871,0,0,0,0,0
419,102,0.003638,0.034938,0.01128,320.29,0,0,0,0,1,0,0,-28.3892871,0,28.3892871,0,0,0,0,0
105,104,0.000673,0.003751,0,144.23,0,0,0,0,1,0,0,-80.33,0,80.33,0,0,0,0,0
104,191,0.005177,0.047485,0.01683,320.29,0,0,0,0,1,0,0,-63.8361123,0,63.8361123,0,0,0,0,0
107,106,0.000575,0.003206,0,24.46,0,0,0,0,1,0,0,-16.01,0,16.01,0,0,0,0,0
106,191,0.004468,0.042904,0.01385,320.29,0,0,0,0,1,0,0,43.033952,0,-43.033952,0,0,0,0,0
236,106,0.003115,0.029915,0.00966,320.29,0,0,0,0,1,0,0,59.043952,0,-59.043952,0,0,0,0,0
109,108,0.000658,0.00301,0,62.91,0,0,0,0,1,0,0,-47.58,0,47.58,0,0,0,0,0
108,472,0.002033,0.019521,0.0063,320.29,0,0,0,0,1,0,0,-98.2071127,0,98.2071127,0,0,0,0,0
108,495,0.003611,0.034672,0.01119,320.29,0,0,0,0,1,0,0,50.6271127,0,-50.6271127,0,0,0,0,0
111,110,0.000527,0.003708,0,87.02,0,0,0,0,1,0,0,-62.29,0,62.29,0,0,0,0,0
274,110,0.003126,0.030018,0.00969,320.29,0,0,0,0,1,0,0,-53.8223858,0,53.8223858,0,0,0,0,0
110,316,0.003439,0.033025,0.01066,320.29,0,0,0,0,1,0,0,-116.112386,0,116.112386,0,0,0,0,0
113,112,0.000644,0.003119,0,72.98,0,0,0,0,1,0,0,-45.99,0,45.99,0,0,0,0,0
193,112,0.002867,0.027534,0.00889,320.29,0,0,0,0,1,0,0,-32.4980295,0,32.4980295,0,0,0,0,0
112,236,0.006329,0.060777,0.01962,320.29,0,0,0,0,1,0,0,3.11130263,0,-3.11130263,0,0,0,0,0
112,283,0.008619,0.08276,0.02672,320.29,0,0,0,0,1,0,0,12.4139138,0,-12.4139138,0,0,0,0,0
372,112,0.002007,0.019267,0.00622,320.29,0,0,0,0,1,0,0,154.314781,0,-154.314781,0,0,0,0,0
112,499,0.005577,0.051155,0.01813,320.29,0,0,0,0,1,0,0,52.5094092,0,-52.5094092,0,0,0,0,0
115,114,0.000506,0.00336,0,6.74,0,0,0,0,1,0,0,-5.06,0,5.06,0,0,0,0,0
116,114,0.000505,0.003411,0,5.26,0,0,0,0,1,0,0,-3.1,0,3.1,0,0,0,0,0
114,191,0.005557,0.053364,0.01723,320.29,0,0,0,0,1,0,0,-17.8453341,0,17.8453341,0,0,0,0,0
114,312,0.006609,0.063462,0.02049,320.29,0,0,0,0,1,0,0,9.68533408,0,-9.68533408,0,0,0,0,0
118,117,0.000634,0.003851,0,12.8,0,0,0,0,1,0,0,-8.83,0,8.83,0,0,0,0,0
117,426,0.003172,0.029099,0.01031,320.29,0,0,0,0,1,0,0,-57.3454057,0,57.3454057,0,0,0,0,0
490,117,0.002999,0.027508,0.00975,320.29,0,0,0,0,1,0,0,-48.5154057,0,48.5154057,0,0,0,0,0
120,119,0.000556,0.003059,0,46.58,0,0,0,0,1,0,0,-31.65,0,31.65,0,0,0,0,0
119,129,0.00235,0.021554,0.00764,320.29,0,0,0,0,1,0,0,42.5944239,0,-42.5944239,0,0,0,0,0
253,119,0.001494,0.01435,0.00463,320.29,0,0,0,0,1,0,0,74.2444239,0,-74.2444239,0,0,0,0,0
122,121,0.000555,0.003846,0,70.42,0,0,0,0,1,0,0,-53.36,0,53.36,0,0,0,0,0
121,276,0.002548,0.024463,0.0079,320.29,0,0,0,0,1,0,0,-15.7123715,0,15.7123715,0,0,0,0,0
121,287,0.007088,0.068058,0.02197,320.29,0,0,0,0,1,0,0,-37.6476285,0,37.6476285,0,0,0,0,0
124,123,0.0002,0.01438,0,488,0,0,1,0,1,0,0,-91.1248323,0,91.1248323,0,0,0,0,0
125,123,0.00028,0.04064,0,346,0,0,1,0,1,0,0,0,0,-0,0,0,0,0,0
126,123,0.00015,0.02189,0,352,0,0,1,0,1,0,0,-4.4408921e-14,0,4.4408921e-14,0,0,0,0,0
127,123,0.00038,0.04792,0,378,0,0,1,0,1,0,0,162,0,-162,0,0,0,0,0
128,123,0.00016,0.01585,0,391,0,0,1,0,1,0,0,162,0,-162,0,0,0,0,0
165,123,0.000216,0.003138,0.05475,1493.89,0,0,0,0,1,0,0,201.011145,0,-201.011145,0,0,0,0,0
124,260,0.00204,0.018709,0.00663,320.29,0,0,0,0,1,0,0,34.037566,0,-34.037566,0,0,0,0,0
124,369,0.007693,0.070568,0.02501,320.29,0,0,0,0,1,0,0,57.0872663,0,-57.0872663,0,0,0,0,0
130,129,0.000698,0.003221,0,165.98,0,0,0,0,1,0,0,-103.24,0,103.24,0,0,0,0,0
304,129,0.003063,0.029412,0.00949,320.29,0,0,0,0,1,0,0,15.8436071,0,-15.8436071,0,0,0,0,0
324,129,0.001878,0.017231,0.00611,320.29,0,0,0,0,1,0,0,44.8019691,0,-44.8019691,0,0,0,0,0
132,131,0.000673,0.003615,0,41.59,0,0,0,0,1,0,0,-25.2,0,25.2,0,0,0,0,0
131,333,0.002227,0.021386,0.0069,320.29,0,0,0,0,1,0,0,-8.46295801,0,8.46295801,0,0,0,0,0
134,133,0.000515,0.003083,0,66.01,0,0,0,0,1,0,0,-42.65,0,42.65,0,0,0,0,0
133,226,0.00644,0.059077,0.02094,320.29,0,0,0,0,1,0,0,5.42538154,0,-5.42538154,0,0,0,0,0
133,369,0.006155,0.056462,0.02001,320.29,0,0,0,0,1,0,0,-31.0532637,0,31.0532637,0,0,0,0,0
473,133,0.004755,0.045657,0.01474,320.29,0,0,0,0,1,0,0,20.1128222,0,-20.1128222,0,0,0,0,0
136,135,0.000549,0.00366,0,45.59,0,0,0,0,1,0,0,-26.76,0,26.76,0,0,0,0,0
135,287,0.007568,0.069421,0.0246,320.29,0,0,0,0,1,0,0,32.265005,0,-32.265005,0,0,0,0,0
135,457,0.006865,0.062973,0.02232,320.29,0,0,0,0,1,0,0,-59.025005,0,59.025005,0,0,0,0,0
138,137,0.000556,0.003788,0,122.92,0,0,0,0,1,0,0,-78.71,0,78.71,0,0,0,0,0
137,214,0.00312,0.029961,0.00967,320.29,0,0,0,0,1,0,0,48.4551454,0,-48.4551454,0,0,0,0,0
137,426,0.002998,0.028792,0.00929,320.29,0,0,0,0,1,0,0,-63.5803643,0,63.5803643,0,0,0,0,0
137,426,0.003,0.02879,0.00929,320.3,0,0,0,0,1,0,0,-63.5847811,0,63.5847811,0,0,0,0,0
140,139,0.0006,0.003182,0,0.36,0,0,0,0,1,0,0,-0.26,0,0.26,0,0,0,0,0
139,376,0.002676,0.025697,0.0083,320.29,0,0,0,0,1,0,0,89.5007934,0,-89.5007934,0,0,0,0,0
429,139,0.001468,0.014094,0.00455,320.29,0,0,0,0,1,0,0,89.7607934,0,-89.7607934,0,0,0,0,0
142,141,0.000687,0.003417,0,209.78,0,0,0,0,1,0,0,-161.34,0,161.34,0,0,0,0,0
300,141,0.00267,0.024495,0.00868,320.29,0,0,0,0,1,0,0,-164.975672,0,164.975672,0,0,0,0,0
144,143,0.00152,0.0766,0,336,0,0,1,0,1,0,0,301.275,0,-301.275,0,0,0,0,0
144,143,0.00152,0.0766,0,336,0,0,1,0,1,0,0,301.275,0,-301.275,0,0,0,0,0
145,143,0.00119,0.0337,0,322,0,0,1,0,1,0,0,150.275,0,-150.275,0,0,0,0,0
145,143,0.00119,0.0337,0,322,0,0,1,0,1,0,0,150.275,0,-150.275,0,0,0,0,0
143,338,0.002116,0.019409,0.00688,320.29,0,0,0,0,1,0,0,123.491266,0,-123.491266,0,0,0,0,0
143,401,0.004057,0.038957,0.01258,320.29,0,0,0,0,1,0,0,211.422386,0,-211.422386,0,0,0,0,0
143,452,0.007537,0.07237,0.02336,320.29,0,0,0,0,1,0,0,131.441942,0,-131.441942,0,0,0,0,0
496,143,0.002039,0.019581,0.00632,320.29,0,0,0,0,1,0,0,-141.340806,0,141.340806,0,0,0,0,0
147,146,0.001007,0.05565,0,272,0,0,1,0,1,0,0,-20.4748983,0,20.4748983,0,0,0,0,0
146,162,0.000285,0.004083,0.07307,1493.89,0,0,0,0,1,0,0,-16.1063604,0,16.1063604,0,0,0,0,0
146,195,0.000327,0.004333,0.09131,1493.89,0,0,0,0,1,0,0,-4.36853794,0,4.36853794,0,0,0,0,0
148,147,0.000593,0.003935,0,102.39,0,0,0,0,1,0,0,-57.42,0,57.42,0,0,0,0,0
475,147,0.003185,0.030585,0.00987,320.29,0,0,0,0,1,0,0,36.9451017,0,-36.9451017,0,0,0,0,0
150,149,0.00068,0.003693,0,2.36,0,0,0,0,1,0,0,-1.5,0,1.5,0,0,0,0,0
293,149,0.004385,0.042112,0.01359,320.29,0,0,0,0,1,0,0,-53.3943433,0,53.3943433,0,0,0,0,0
489,149,0.002444,0.023466,0.00758,320.29,0,0,0,0,1,0,0,-10.6572217,0,10.6572217,0,0,0,0,0
152,151,0.000342,0.0203,0,570,0,0,1,0,1,0,0,-215.501737,0,215.501737,0,0,0,0,0
428,151,0.000454,0.006011,0.12668,1493.89,0,0,0,0,1,0,0,153.074317,0,-153.074317,0,0,0,0,0
153,152,0.000529,0.003112,0,130.11,0,0,0,0,1,0,0,-93.15,0,93.15,0,0,0,0,0
238,152,0.002155,0.02069,0.00668,320.29,0,0,0,0,1,0,0,-122.351737,0,122.351737,0,0,0,0,0
155,154,0.000533,0.003005,0,89.97,0,0,0,0,1,0,0,-66.84,0,66.84,0,0,0,0,0
154,429,0.002119,0.020352,0.00657,320.29,0,0,0,0,1,0,0,-140.81672,0,140.81672,0,0,0,0,0
154,488,0.008007,0.07345,0.02603,320.29,0,0,0,0,1,0,0,73.9767199,0,-73.9767199,0,0,0,0,0
157,156,0.000597,0.003579,0,164.26,0,0,0,0,1,0,0,-105.45,0,105.45,0,0,0,0,0
488,156,0.001861,0.017075,0.00605,320.29,0,0,0,0,1,0,0,65.6382628,0,-65.6382628,0,0,0,0,0
159,158,0.000601,0.003873,0,31.35,0,0,0,0,1,0,0,-22.85,0,22.85,0,0,0,0,0
158,233,0.006097,0.055925,0.01982,320.29,0,0,0,0,1,0,0,-47.5845606,0,47.5845606,0,0,0,0,0
158,291,0.005133,0.049293,0.01591,320.29,0,0,0,0,1,0,0,24.7345606,0,-24.7345606,0,0,0,0,0
161,160,0.000556,0.003568,0,44.84,0,0,0,0,1,0,0,-25.95,0,25.95,0,0,0,0,0
160,212,0.002567,0.02465,0.00796,320.29,0,0,0,0,1,0,0,-13.2485243,0,13.2485243,0,0,0,0,0
160,399,0.004015,0.036828,0.01305,320.29,0,0,0,0,1,0,0,-12.7014757,0,12.7014757,0,0,0,0,0
163,162,0.000345,0.01982,0,510,0,0,1,0,1,0,0,-72.3452695,0,72.3452695,0,0,0,0,0
163,162,0.000366,0.01982,0,510,0,0,1,0,1,0,0,-72.3452695,0,72.3452695,0,0,0,0,0
162,195,0.000226,0.003275,0.05716,1493.89,0,0,0,0,1,0,0,14.3002732,0,-14.3002732,0,0,0,0,0
162,220,0.00139,0.018388,0.3875,1493.89,0,0,0,0,1,0,0,-389.076857,0,389.076857,0,0,0,0,0
162,232,0.000529,0.007594,0.13589,1493.89,0,0,0,0,1,0,0,213.979685,0,-213.979685,0,0,0,0,0
164,163,0.00065,0.003987,0,174.51,0,0,0,0,1,0,0,-98.15,0,98.15,0,0,0,0,0
200,163,0.003267,0.029965,0.01062,320.29,0,0,0,0,1,0,0,-46.540539,0,46.540539,0,0,0,0,0
166,165,0.000183,0.00871,0,606,0,0,1,0,1,0,0,-328.155277,0,328.155277,0,0,0,0,0
167,165,0.000463,0.02157,0,411,0,0,1,0,1,0,0,193.5,0,-193.5,0,0,0,0,0
168,165,0.00029,0.03549,0,445,0,0,1,0,1,0,0,193.5,0,-193.5,0,0,0,0,0
169,165,0.00035,0.02558,0,543,0,0,1,0,1,0,0,387,0,-387,0,0,0,0,0
165,386,0.000718,0.010423,0.18188,1493.89,0,0,0,0,1,0,0,244.833578,0,-244.833578,0,0,0,0,0
166,228,0.004845,0.044445,0.01575,320.29,0,0,0,0,1,0,0,206.9628,0,-206.9628,0,0,0,0,0
260,166,0.00199,0.01825,0.00647,320.29,0,0,0,0,1,0,0,15.357566,0,-15.357566,0,0,0,0,0
166,289,0.002113,0.020294,0.00655,320.29,0,0,0,0,1,0,0,136.550043,0,-136.550043,0,0,0,0,0
171,170,0.000513,0.003774,0,20.92,0,0,0,0,1,0,0,-12.38,0,12.38,0,0,0,0,0
170,226,0.004631,0.042483,0.01506,320.29,0,0,0,0,1,0,0,-0.00538154151,0,0.00538154151,0,0,0,0,0
173,172,0.000675,0.003134,0,4.69,0,0,0,0,1,0,0,-3.14,0,3.14,0,0,0,0,0
174,172,0.000586,0.003039,0,12.34,0,0,0,0,1,0,0,-7.3,0,7.3,0,0,0,0,0
202,172,0.004073,0.039112,0.01263,320.29,0,0,0,0,1,0,0,25.1256085,0,-25.1256085,0,0,0,0,0
172,244,0.003291,0.031599,0.0102,320.29,0,0,0,0,1,0,0,14.6856085,0,-14.6856085,0,0,0,0,0
176,175,0.00039,0.03857,0,273,0,0,1,0,1,0,0,43.5120092,0,-43.5120092,0,0,0,0,0
175,220,0.001099,0.01596,0.27851,1493.89,0,0,0,0,1,0,0,43.5120092,0,-43.5120092,0,0,0,0,0
177,176,0.000557,0.003649,0,12.91,0,0,0,0,1,0,0,-8.78,0,8.78,0,0,0,0,0
178,176,0.000684,0.003156,0,10.65,0,0,0,0,1,0,0,-6.81,0,6.81,0,0,0,0,0
318,176,0.003427,0.032909,0.01062,320.29,0,0,0,0,1,0,0,-54.0999329,0,54.0999329,0,0,0,0,0
180,179,0.000694,0.003302,0,25.21,0,0,0,0,1,0,0,-14.14,0,14.14,0,0,0,0,0
179,291,0.005964,0.05727,0.01849,320.29,0,0,0,0,1,0,0,-17.1145606,0,17.1145606,0,0,0,0,0
345,179,0.005081,0.046608,0.01652,320.29,0,0,0,0,1,0,0,-7.96538085,0,7.96538085,0,0,0,0,0
179,374,0.003774,0.036236,0.0117,320.29,0,0,0,0,1,0,0,-4.99082022,0,4.99082022,0,0,0,0,0
182,181,0.000631,0.003715,0,145.73,0,0,0,0,1,0,0,-82.61,0,82.61,0,0,0,0,0
181,487,0.002751,0.026421,0.00853,320.29,0,0,0,0,1,0,0,-95.9384278,0,95.9384278,0,0,0,0,0
184,183,0.000542,0.003008,0,40.45,0,0,0,0,1,0,0,-30.18,0,30.18,0,0,0,0,0
183,247,0.001965,0.018868,0.00609,320.29,0,0,0,0,1,0,0,23.6423858,0,-23.6423858,0,0,0,0,0
183,274,0.003673,0.035265,0.01138,320.29,0,0,0,0,1,0,0,-53.8223858,0,53.8223858,0,0,0,0,0
186,185,0.000562,0.003066,0,76.88,0,0,0,0,1,0,0,-45.35,0,45.35,0,0,0,0,0
445,185,0.003074,0.028201,0.00999,320.29,0,0,0,0,1,0,0,-89.6174986,0,89.6174986,0,0,0,0,0
185,467,0.002016,0.018496,0.00655,320.29,0,0,0,0,1,0,0,-134.967499,0,134.967499,0,0,0,0,0
188,187,0.00067,0.003145,0,19.87,0,0,0,0,1,0,0,-11.05,0,11.05,0,0,0,0,0
187,454,0.013848,0.127035,0.04502,320.29,0,0,0,0,1,0,0,23.6332691,0,-23.6332691,0,0,0,0,0
190,189,0.00069,0.00301,0,22.9,0,0,0,0,1,0,0,-14.07,0,14.07,0,0,0,0,0
192,191,0.000684,0.003764,0,27.24,0,0,0,0,1,0,0,-16.44,0,16.44,0,0,0,0,0
191,205,0.005326,0.051141,0.01651,320.29,0,0,0,0,1,0,0,31.7601626,0,-31.7601626,0,0,0,0,0
191,293,0.005164,0.049592,0.01601,320.29,0,0,0,0,1,0,0,-27.7943433,0,27.7943433,0,0,0,0,0
194,193,0.000696,0.003802,0,49.31,0,0,0,0,1,0,0,-28.69,0,28.69,0,0,0,0,0
196,195,0.00023,0.01443,0,560,0,0,1,0,1,0,0,-288.836587,0,288.836587,0,0,0,0,0
197,195,0.0006,0.03102,0,597,0,0,1,0,1,0,0,293.6,0,-293.6,0,0,0,0,0
198,195,0.000386,0.02185,0,527,0,0,1,0,1,0,0,207.3,0,-207.3,0,0,0,0,0
371,195,0.000451,0.005966,0.12573,1493.89,0,0,0,0,1,0,0,-221.995148,0,221.995148,0,0,0,0,0
199,196,0.000693,0.003312,0,123.99,0,0,0,0,1,0,0,-86.39,0,86.39,0,0,0,0,0
201,200,0.000686,0.003174,0,14.82,0,0,0,0,1,0,0,-8.89,0,8.89,0,0,0,0,0
203,202,0.000644,0.003618,0,6.57,0,0,0,0,1,0,0,-4.69,0,4.69,0,0,0,0,0
204,202,0.000553,0.003889,0,72.65,0,0,0,0,1,0,0,-45.67,0,45.67,0,0,0,0,0
380,202,0.00536,0.05147,0.01661,320.29,0,0,0,0,1,0,0,75.4856085,0,-75.4856085,0,0,0,0,0
206,205,0.000554,0.003028,0,4.37,0,0,0,0,1,0,0,-3.01,0,3.01,0,0,0,0,0
207,205,0.000653,0.0037,0,30.41,0,0,0,0,1,0,0,-22.57,0,22.57,0,0,0,0,0
205,312,0.006767,0.062072,0.022,320.29,0,0,0,0,1,0,0,-0.923079627,0,0.923079627,0,0,0,0,0
209,208,0.000514,0.003601,0,141.36,0,0,0,0,1,0,0,-81.85,0,81.85,0,0,0,0,0
322,208,0.00286,0.027459,0.00886,320.29,0,0,0,0,1,0,0,131.255028,0,-131.255028,0,0,0,0,0
356,208,0.002554,0.024525,0.00792,320.29,0,0,0,0,1,0,0,-49.405028,0,49.405028,0,0,0,0,0
211,210,0.000679,0.003783,0,54.3,0,0,0,0,1,0,0,-34.28,0,34.28,0,0,0,0,0
488,210,0.003712,0.035641,0.01151,320.29,0,0,0,0,1,0,0,-89.5615429,0,89.5615429,0,0,0,0,0
213,212,0.000628,0.003685,0,155.03,0,0,0,0,1,0,0,-97.48,0,97.48,0,0,0,0,0
212,399,0.003344,0.032113,0.01037,320.29,0,0,0,0,1,0,0,-4.39678082,0,4.39678082,0,0,0,0,0
408,212,0.002879,0.027648,0.00893,320.29,0,0,0,0,1,0,0,106.331743,0,-106.331743,0,0,0,0,0
215,214,0.000578,0.003813,0,124.11,0,0,0,0,1,0,0,-84.48,0,84.48,0,0,0,0,0
214,403,0.004217,0.040493,0.01307,320.29,0,0,0,0,1,0,0,-36.0248546,0,36.0248546,0,0,0,0,0
217,216,0.0006,0.003129,0,71.72,0,0,0,0,1,0,0,-55.1,0,55.1,0,0,0,0,0
219,218,0.000581,0.003657,0,0.6,0,0,0,0,1,0,0,-0.33,0,0.33,0,0,0,0,0
218,399,0.004545,0.043647,0.01409,320.29,0,0,0,0,1,0,0,-31.8641027,0,31.8641027,0,0,0,0,0
221,220,0.000872,0.02901,0,556,0,0,1,0,1,0,0,-207.846957,0,207.846957,0,0,0,0,0
222,220,0.000485,0.02225,0,228,0,0,1,0,1,0,0,5.2,0,-5.2,0,0,0,0,0
223,220,0.000575,0.03062,0,248,0,0,1,0,1,0,0,18,0,-18,0,0,0,0,0
224,220,0.000543,0.02404,0,588,0,0,1,0,1,0,0,255.6,0,-255.6,0,0,0,0,0
224,220,0.00043,0.02404,0,588,0,0,1,0,1,0,0,255.6,0,-255.6,0,0,0,0,0
225,220,0.00018,0.01242,0,628,0,0,1,0,1,0,0,257.4,0,-257.4,0,0,0,0,0
225,220,0.00018,0.01242,0,628,0,0,1,0,1,0,0,257.4,0,-257.4,0,0,0,0,0
220,471,0.000978,0.014205,0.24789,1493.89,0,0,0,0,1,0,0,495.788195,0,-495.788195,0,0,0,0,0
221,447,0.00397,0.038119,0.01231,320.29,0,0,0,0,1,0,0,156.851851,0,-156.851851,0,0,0,0,0
221,478,0.003036,0.029155,0.00941,320.29,0,0,0,0,1,0,0,-38.6705033,0,38.6705033,0,0,0,0,0
221,493,0.003413,0.032773,0.01058,320.29,0,0,0,0,1,0,0,89.6656085,0,-89.6656085,0,0,0,0,0
227,226,0.000667,0.003347,0,8.92,0,0,0,0,1,0,0,-5.42,0,5.42,0,0,0,0,0
229,228,0.00059,0.003589,0,77.87,0,0,0,0,1,0,0,-54.09,0,54.09,0,0,0,0,0
228,468,0.004892,0.046972,0.01516,320.29,0,0,0,0,1,0,0,19.8826623,0,-19.8826623,0,0,0,0,0
228,474,0.006513,0.059749,0.02117,320.29,0,0,0,0,1,0,0,132.990138,0,-132.990138,0,0,0,0,0
231,230,0.00368,0.18877,0,65,0,0,1,0,1,0,0,2.9,0,-2.9,0,0,0,0,0
285,230,0.002749,0.026397,0.00852,320.29,0,0,0,0,1,0,0,-115.878428,0,115.878428,0,0,0,0,0
233,232,0.00046,0.0207,0,628,0,0,1,0,1,0,0,-293.794538,0,293.794538,0,0,0,0,0
262,232,0.000253,0.003627,0.0649,1493.89,0,0,0,0,1,0,0,-135.363231,0,135.363231,0,0,0,0,0
232,371,0.000494,0.006532,0.13765,1493.89,0,0,0,0,1,0,0,-38.8403671,0,38.8403671,0,0,0,0,0
232,453,0.000324,0.004292,0.09045,1493.89,0,0,0,0,1,0,0,54.9006454,0,-54.9006454,0,0,0,0,0
234,233,0.000551,0.003415,0,95.68,0,0,0,0,1,0,0,-59.96,0,59.96,0,0,0,0,0
233,486,0.002266,0.021759,0.00702,320.29,0,0,0,0,1,0,0,88.2180263,0,-88.2180263,0,0,0,0,0
236,235,0.00024,0.02788,0,507,0,0,1,0,1,0,0,-78.8787356,0,78.8787356,0,0,0,0,0
235,271,0.000313,0.004136,0.08716,1493.89,0,0,0,0,1,0,0,82.4170831,0,-82.4170831,0,0,0,0,0
235,407,0.001237,0.016366,0.3449,1493.89,0,0,0,0,1,0,0,-161.295819,0,161.295819,0,0,0,0,0
237,236,0.000696,0.003348,0,4.32,0,0,0,0,1,0,0,-2.71,0,2.71,0,0,0,0,0
283,236,0.004516,0.041425,0.01468,320.29,0,0,0,0,1,0,0,-20.2360862,0,20.2360862,0,0,0,0,0
239,238,0.000513,0.003619,0,64.09,0,0,0,0,1,0,0,-39.13,0,39.13,0,0,0,0,0
241,240,0.00054,0.003983,0,27.17,0,0,0,0,1,0,0,-19.74,0,19.74,0,0,0,0,0
240,272,0.011645,0.10682,0.03785,320.29,0,0,0,0,1,0,0,-34.4194953,0,34.4194953,0,0,0,0,0
243,242,0.000606,0.003702,0,130.7,0,0,0,0,1,0,0,-74.47,0,74.47,0,0,0,0,0
242,287,0.007052,0.067713,0.02186,320.29,0,0,0,0,1,0,0,-88.3556364,0,88.3556364,0,0,0,0,0
242,320,0.003028,0.029073,0.00938,320.29,0,0,0,0,1,0,0,13.8856364,0,-13.8856364,0,0,0,0,0
245,244,0.000598,0.003153,0,15.81,0,0,0,0,1,0,0,-11.83,0,11.83,0,0,0,0,0
244,426,0.0037,0.033941,0.01203,320.29,0,0,0,0,1,0,0,2.85560854,0,-2.85560854,0,0,0,0,0
247,246,0.00123,0.06785,0,271,0,0,1,0,1,0,0,23.6423858,0,-23.6423858,0,0,0,0,0
248,246,0.001314,0.05441,0,336,0,0,1,0,1,0,0,4.4408921e-14,0,-4.4408921e-14,0,0,0,0,0
249,246,0.001385,0.05427,0,333,0,0,1,0,1,0,0,4.4408921e-14,0,-4.4408921e-14,0,0,0,0,0
250,246,0.00041,0.02016,0,628,0,0,1,0,1,0,0,8.8817842e-14,0,-8.8817842e-14,0,0,0,0,0
250,246,0.000393,0.02016,0,628,0,0,1,0,1,0,0,8.8817842e-14,0,-8.8817842e-14,0,0,0,0,0
246,332,0.000921,0.01337,0.23332,1493.89,0,0,0,0,1,0,0,24.5526909,0,-24.5526909,0,0,0,0,0
428,246,0.001101,0.014563,0.30689,1493.89,0,0,0,0,1,0,0,-3.56610776,0,3.56610776,0,0,0,0,0
246,471,0.001086,0.014374,0.30292,1493.89,0,0,0,0,1,0,0,-4.47641288,0,4.47641288,0,0,0,0,0
252,251,0.000661,0.003863,0,171.55,0,0,0,0,1,0,0,-118.68,0,118.68,0,0,0,0,0
251,360,0.004529,0.041546,0.01472,320.29,0,0,0,0,1,0,0,-88.810404,0,88.810404,0,0,0,0,0
417,251,0.004262,0.04093,0.01321,320.29,0,0,0,0,1,0,0,29.869596,0,-29.869596,0,0,0,0,0
254,253,0.00422,0.13453,0,134,0,0,1,0,1,0,0,0,0,-0,0,0,0,0,0
255,253,0.00273,0.10598,0,75,0,0,1,0,1,0,0,0,0,-0,0,0,0,0,0
256,253,0.00659,0.18871,0,65,0,0,1,0,1,0,0,0,0,-0,0,0,0,0,0
257,253,0.00255,0.08097,0,142,0,0,1,0,1,0,0,8.8817842e-14,0,-8.8817842e-14,0,0,0,0,0
258,253,0.00935,0.25929,0,52,0,0,1,0,1,0,0,1.1,0,-1.1,0,0,0,0,0
259,253,0.000652,0.003579,0,11.94,0,0,0,0,1,0,0,-8.16,0,8.16,0,0,0,0,0
253,347,0.00255,0.024489,0.00791,320.29,0,0,0,0,1,0,0,40.2364593,0,-40.2364593,0,0,0,0,0
253,417,0.005333,0.048916,0.01733,320.29,0,0,0,0,1,0,0,-27.9129359,0,27.9129359,0,0,0,0,0
261,260,0.000574,0.003316,0,31.44,0,0,0,0,1,0,0,-18.68,0,18.68,0,0,0,0,0
263,262,0.000384,0.01827,0,656,0,0,1,0,1,0,0,-420.121404,0,420.121404,0,0,0,0,0
264,262,0.00052,0.05005,0,255,0,0,1,0,1,0,0,4.4408921e-14,0,-4.4408921e-14,0,0,0,0,0
265,262,0.00023,0.03379,0,241,0,0,1,0,1,0,0,-8.8817842e-14,0,8.8817842e-14,0,0,0,0,0
266,263,0.000571,0.003406,0,107.16,0,0,0,0,1,0,0,-61.78,0,61.78,0,0,0,0,0
263,276,0.000864,0.008296,0.00268,320.29,0,0,0,0,1,0,0,114.626105,0,-114.626105,0,0,0,0,0
263,326,0.002523,0.024229,0.00782,320.29,0,0,0,0,1,0,0,127.981303,0,-127.981303,0,0,0,0,0
263,476,0.001806,0.017343,0.0056,320.29,0,0,0,0,1,0,0,17.7091233,0,-17.7091233,0,0,0,0,0
263,491,0.003463,0.033251,0.01073,320.29,0,0,0,0,1,0,0,98.0248724,0,-98.0248724,0,0,0,0,0
268,267,0.000502,0.003575,0,206.87,0,0,0,0,1,0,0,-117.15,0,117.15,0,0,0,0,0
312,267,0.004476,0.042984,0.01388,320.29,0,0,0,0,1,0,0,67.7475717,0,-67.7475717,0,0,0,0,0
270,269,0.000574,0.003977,0,10.95,0,0,0,0,1,0,0,-6.8,0,6.8,0,0,0,0,0
475,269,0.003534,0.033937,0.01096,320.29,0,0,0,0,1,0,0,-37.1051017,0,37.1051017,0,0,0,0,0
272,271,0.001006,0.03765,0,484,0,0,1,0,1,0,0,-82.4170831,0,82.4170831,0,0,0,0,0
273,272,0.000567,0.003997,0,15.37,0,0,0,0,1,0,0,-9.49,0,9.49,0,0,0,0,0
275,274,0.0012,0.04081,0,225,0,0,1,0,1,0,0,-4.4408921e-14,0,4.4408921e-14,0,0,0,0,0
277,276,0.000539,0.003663,0,0.66,0,0,0,0,1,0,0,-0.41,0,0.41,0,0,0,0,0
278,276,0.000529,0.00385,0,8.45,0,0,0,0,1,0,0,-5.77,0,5.77,0,0,0,0,0
276,320,0.00321,0.030825,0.00995,320.29,0,0,0,0,1,0,0,136.534364,0,-136.534364,0,0,0,0,0
276,485,0.002629,0.024118,0.00855,320.29,0,0,0,0,1,0,0,19.4213208,0,-19.4213208,0,0,0,0,0
280,279,0.000691,0.003081,0,24.56,0,0,0,0,1,0,0,-16.94,0,16.94,0,0,0,0,0
279,340,0.005965,0.057279,0.01849,320.29,0,0,0,0,1,0,0,16.454913,0,-16.454913,0,0,0,0,0
279,468,0.003204,0.030766,0.00993,320.29,0,0,0,0,1,0,0,-33.394913,0,33.394913,0,0,0,0,0
282,281,0.000539,0.003617,0,203.73,0,0,0,0,1,0,0,-117.3,0,117.3,0,0,0,0,0
310,281,0.002251,0.021614,0.00698,320.29,0,0,0,0,1,0,0,-78.862285,0,78.862285,0,0,0,0,0
281,328,0.004967,0.04556,0.01615,320.29,0,0,0,0,1,0,0,-129.277603,0,129.277603,0,0,0,0,0
281,384,0.00383,0.03678,0.01187,320.29,0,0,0,0,1,0,0,-66.8846819,0,66.8846819,0,0,0,0,0
284,283,0.000645,0.003988,0,48.08,0,0,0,0,1,0,0,-32.65,0,32.65,0,0,0,0,0
286,285,0.000667,0.003266,0,13.41,0,0,0,0,1,0,0,-8.27,0,8.27,0,0,0,0,0
285,487,0.003238,0.031094,0.01004,320.29,0,0,0,0,1,0,0,107.608428,0,-107.608428,0,0,0,0,0
288,287,0.000507,0.003818,0,89.94,0,0,0,0,1,0,0,-58.11,0,58.11,0,0,0,0,0
287,415,0.004281,0.039274,0.01392,320.29,0,0,0,0,1,0,0,45.6746192,0,-45.6746192,0,0,0,0,0
287,476,0.007441,0.068262,0.02419,320.29,0,0,0,0,1,0,0,22.4728504,0,-22.4728504,0,0,0,0,0
290,289,0.000543,0.003807,0,5.93,0,0,0,0,1,0,0,-3.69,0,3.69,0,0,0,0,0
468,289,0.00577,0.055406,0.01789,320.29,0,0,0,0,1,0,0,-132.860043,0,132.860043,0,0,0,0,0
292,291,0.000582,0.003221,0,12.61,0,0,0,0,1,0,0,-7.62,0,7.62,0,0,0,0,0
294,293,0.000645,0.00329,0,35.71,0,0,0,0,1,0,0,-25.6,0,25.6,0,0,0,0,0
296,295,0.000531,0.003433,0,10.75,0,0,0,0,1,0,0,-7.79,0,7.79,0,0,0,0,0
314,295,0.003193,0.030657,0.0099,320.29,0,0,0,0,1,0,0,-53.7979513,0,53.7979513,0,0,0,0,0
295,447,0.00342,0.031369,0.01112,320.29,0,0,0,0,1,0,0,-99.2918515,0,99.2918515,0,0,0,0,0
477,295,0.003486,0.03347,0.0108,320.29,0,0,0,0,1,0,0,25.0931205,0,-25.0931205,0,0,0,0,0
298,297,0.000588,0.03135,0,348,0,0,1,0,1,0,0,-81.8646766,0,81.8646766,0,0,0,0,0
425,297,0.000275,0.003997,0.06976,1493.89,0,0,0,0,1,0,0,-128.790266,0,128.790266,0,0,0,0,0
297,440,0.000652,0.009346,0.16726,1493.89,0,0,0,0,1,0,0,-234.617125,0,234.617125,0,0,0,0,0
299,298,0.00054,0.003634,0,20.05,0,0,0,0,1,0,0,-14.57,0,14.57,0,0,0,0,0
298,426,0.003241,0.031118,0.01005,320.29,0,0,0,0,1,0,0,67.2946766,0,-67.2946766,0,0,0,0,0
301,300,0.00245,0.08126,0,67,0,0,1,0,1,0,0,2.9,0,-2.9,0,0,0,0,0
302,300,0.00367,0.07834,0,75,0,0,1,0,1,0,0,2.9,0,-2.9,0,0,0,0,0
303,300,0.000646,0.003997,0,139.23,0,0,0,0,1,0,0,-86.76,0,86.76,0,0,0,0,0
405,300,0.003374,0.032399,0.01046,320.29,0,0,0,0,1,0,0,-36.1851688,0,36.1851688,0,0,0,0,0
300,478,0.008364,0.080315,0.02593,320.29,0,0,0,0,1,0,0,47.8305033,0,-47.8305033,0,0,0,0,0
305,304,0.02066,0.53593,0,28,0,0,1,0,1,0,0,1,0,-1,0,0,0,0,0
306,304,0.00522,0.24992,0,63,0,0,1,0,1,0,0,2.4,0,-2.4,0,0,0,0,0
307,304,0.000547,0.003467,0,122.19,0,0,0,0,1,0,0,-76.04,0,76.04,0,0,0,0,0
309,308,0.000658,0.003995,0,13.62,0,0,0,0,1,0,0,-9.03,0,9.03,0,0,0,0,0
308,500,0.006944,0.066685,0.02153,320.29,0,0,0,0,1,0,0,-17.4131965,0,17.4131965,0,0,0,0,0
311,310,0.000617,0.003587,0,60.45,0,0,0,0,1,0,0,-43.83,0,43.83,0,0,0,0,0
358,310,0.002931,0.026886,0.00953,320.29,0,0,0,0,1,0,0,-35.032285,0,35.032285,0,0,0,0,0
313,312,0.000642,0.003976,0,17.95,0,0,0,0,1,0,0,-12.44,0,12.44,0,0,0,0,0
399,312,0.004822,0.046299,0.01495,320.29,0,0,0,0,1,0,0,71.4253173,0,-71.4253173,0,0,0,0,0
315,314,0.000536,0.003143,0,0.67,0,0,0,0,1,0,0,-0.43,0,0.43,0,0,0,0,0
317,316,0.000671,0.003045,0,5.45,0,0,0,0,1,0,0,-3.75,0,3.75,0,0,0,0,0
319,318,0.00159,0.07586,0,120,0,0,1,0,1,0,0,42.3,0,-42.3,0,0,0,0,0
318,336,0.005467,0.050154,0.01777,320.29,0,0,0,0,1,0,0,47.3124538,0,-47.3124538,0,0,0,0,0
378,318,0.001301,0.012497,0.00403,320.29,0,0,0,0,1,0,0,-49.0874791,0,49.0874791,0,0,0,0,0
321,320,0.000626,0.003619,0,269.4,0,0,0,0,1,0,0,-150.42,0,150.42,0,0,0,0,0
323,322,0.000658,0.003109,0,75.55,0,0,0,0,1,0,0,-45.27,0,45.27,0,0,0,0,0
324,322,0.001572,0.014419,0.00511,320.29,0,0,0,0,1,0,0,-148.261969,0,148.261969,0,0,0,0,0
325,324,0.000537,0.003712,0,146.36,0,0,0,0,1,0,0,-103.46,0,103.46,0,0,0,0,0
327,326,0.000571,0.003193,0,159.77,0,0,0,0,1,0,0,-121.07,0,121.07,0,0,0,0,0
491,326,0.002389,0.022943,0.00741,320.29,0,0,0,0,1,0,0,-6.91130335,0,6.91130335,0,0,0,0,0
329,328,0.000554,0.003034,0,40.66,0,0,0,0,1,0,0,-26.02,0,26.02,0,0,0,0,0
331,330,0.00057,0.003882,0,77.39,0,0,0,0,1,0,0,-57.17,0,57.17,0,0,0,0,0
333,330,0.001518,0.014574,0.0047,320.29,0,0,0,0,1,0,0,103.642128,0,-103.642128,0,0,0,0,0
449,330,0.002073,0.019909,0.00643,320.29,0,0,0,0,1,0,0,-46.4721285,0,46.4721285,0,0,0,0,0
333,332,0.00074,0.02644,0,508,0,0,1,0,1,0,0,-113.435087,0,113.435087,0,0,0,0,0
332,471,0.000258,0.003415,0.07196,1493.89,0,0,0,0,1,0,0,-114.967331,0,114.967331,0,0,0,0,0
334,333,0.000662,0.003196,0,0.85,0,0,0,0,1,0,0,-0.5,0,0.5,0,0,0,0,0
335,333,0.000627,0.003552,0,1.26,0,0,0,0,1,0,0,-0.83,0,0.83,0,0,0,0,0
337,336,0.000563,0.003904,0,9.71,0,0,0,0,1,0,0,-5.67,0,5.67,0,0,0,0,0
378,336,0.005079,0.048769,0.01574,320.29,0,0,0,0,1,0,0,36.0774791,0,-36.0774791,0,0,0,0,0
492,336,0.006321,0.060695,0.01959,320.29,0,0,0,0,1,0,0,-28.6048312,0,28.6048312,0,0,0,0,0
339,338,0.000558,0.003629,0,98.2,0,0,0,0,1,0,0,-75.1,0,75.1,0,0,0,0,0
338,459,0.001952,0.017902,0.00634,320.29,0,0,0,0,1,0,0,48.391266,0,-48.391266,0,0,0,0,0
341,340,0.000618,0.003847,0,43.31,0,0,0,0,1,0,0,-24.22,0,24.22,0,0,0,0,0
460,340,0.003698,0.035512,0.01146,320.29,0,0,0,0,1,0,0,7.76508703,0,-7.76508703,0,0,0,0,0
343,342,0.000576,0.003628,0,3.7,0,0,0,0,1,0,0,-2.51,0,2.51,0,0,0,0,0
344,342,0.000571,0.003876,0,3.28,0,0,0,0,1,0,0,-2.43,0,2.43,0,0,0,0,0
346,345,0.000557,0.003186,0,72.41,0,0,0,0,1,0,0,-47.58,0,47.58,0,0,0,0,0
345,415,0.007099,0.065124,0.02308,320.29,0,0,0,0,1,0,0,-39.6146192,0,39.6146192,0,0,0,0,0
348,347,0.000579,0.003119,0,138.46,0,0,0,0,1,0,0,-86.4,0,86.4,0,0,0,0,0
347,417,0.005551,0.050922,0.01805,320.29,0,0,0,0,1,0,0,-46.1635407,0,46.1635407,0,0,0,0,0
350,349,0.0027,0.0716,0,183,0,0,1,0,1,0,0,15,0,-15,0,0,0,0,0
351,349,0.00389,0.07925,0,142,0,0,1,0,1,0,0,6.2,0,-6.2,0,0,0,0,0
352,349,0.003046,0.07211,0,150,0,0,1,0,1,0,0,14.4,0,-14.4,0,0,0,0,0
353,349,0.0027,0.0722,0,206,0,0,1,0,1,0,0,74,0,-74,0,0,0,0,0
349,403,0.002617,0.025132,0.00811,320.29,0,0,0,0,1,0,0,55.7948546,0,-55.7948546,0,0,0,0,0
355,354,0.000688,0.00376,0,28.27,0,0,0,0,1,0,0,-19.97,0,19.97,0,0,0,0,0
421,354,0.004766,0.04577,0.01477,320.29,0,0,0,0,1,0,0,-56.359461,0,56.359461,0,0,0,0,0
479,354,0.004376,0.042023,0.01357,320.29,0,0,0,0,1,0,0,76.329461,0,-76.329461,0,0,0,0,0
357,356,0.000552,0.003425,0,84.77,0,0,0,0,1,0,0,-55.73,0,55.73,0,0,0,0,0
356,382,0.002848,0.027352,0.00883,320.29,0,0,0,0,1,0,0,-6.324972,0,6.324972,0,0,0,0,0
359,358,0.00067,0.003506,0,25,0,0,0,0,1,0,0,-14.59,0,14.59,0,0,0,0,0
361,360,0.01388,0.33724,0,52,0,0,1,0,1,0,0,0,0,-0,0,0,0,0,0
362,360,0.00354,0.11798,0,162,0,0,1,0,1,0,0,4.4408921e-14,0,-4.4408921e-14,0,0,0,0,0
363,360,0.00224,0.11593,0,75,0,0,1,0,1,0,0,-2.22044605e-14,0,2.22044605e-14,0,0,0,0,0
364,360,0.000513,0.003558,0,40.25,0,0,0,0,1,0,0,-30.44,0,30.44,0,0,0,0,0
360,417,0.008124,0.078008,0.02518,320.29,0,0,0,0,1,0,0,31.6269419,0,-31.6269419,0,0,0,0,0
366,365,0.000541,0.003915,0,101.52,0,0,0,0,1,0,0,-56.49,0,56.49,0,0,0,0,0
365,374,0.002836,0.027231,0.00879,320.29,0,0,0,0,1,0,0,29.7508202,0,-29.7508202,0,0,0,0,0
365,454,0.002302,0.022105,0.00714,320.29,0,0,0,0,1,0,0,-86.2408202,0,86.2408202,0,0,0,0,0
368,367,0.000517,0.003214,0,17.62,0,0,0,0,1,0,0,-11.45,0,11.45,0,0,0,0,0
367,461,0.006326,0.058028,0.02056,320.29,0,0,0,0,1,0,0,90.7825014,0,-90.7825014,0,0,0,0,0
367,468,0.008321,0.076331,0.02705,320.29,0,0,0,0,1,0,0,64.2740815,0,-64.2740815,0,0,0,0,0
370,369,0.000569,0.003063,0,62.18,0,0,0,0,1,0,0,-35.6,0,35.6,0,0,0,0,0
372,371,0.00025,0.03602,0,508,0,0,1,0,1,0,0,-183.154781,0,183.154781,0,0,0,0,0
373,372,0.000581,0.003181,0,48.53,0,0,0,0,1,0,0,-28.84,0,28.84,0,0,0,0,0
375,374,0.000501,0.003007,0,43.22,0,0,0,0,1,0,0,-24.76,0,24.76,0,0,0,0,0
377,376,0.000502,0.003355,0,162.43,0,0,0,0,1,0,0,-90.39,0,90.39,0,0,0,0,0
376,429,0.002745,0.026362,0.00851,320.29,0,0,0,0,1,0,0,-135.232172,0,135.232172,0,0,0,0,0
376,460,0.002246,0.021565,0.00696,320.29,0,0,0,0,1,0,0,34.105087,0,-34.105087,0,0,0,0,0
376,469,0.004909,0.045034,0.01596,320.29,0,0,0,0,1,0,0,118.837119,0,-118.837119,0,0,0,0,0
376,495,0.003326,0.031936,0.01031,320.29,0,0,0,0,1,0,0,-18.5992412,0,18.5992412,0,0,0,0,0
379,378,0.000587,0.003819,0,20.35,0,0,0,0,1,0,0,-13.01,0,13.01,0,0,0,0,0
381,380,0.000529,0.00359,0,14.39,0,0,0,0,1,0,0,-10.13,0,10.13,0,0,0,0,0
493,380,0.003409,0.032738,0.01057,320.29,0,0,0,0,1,0,0,85.6156085,0,-85.6156085,0,0,0,0,0
383,382,0.000541,0.003573,0,44.49,0,0,0,0,1,0,0,-29.95,0,29.95,0,0,0,0,0
385,384,0.000568,0.003148,0,48.14,0,0,0,0,1,0,0,-36.62,0,36.62,0,0,0,0,0
441,384,0.002936,0.028195,0.0091,320.29,0,0,0,0,1,0,0,103.504682,0,-103.504682,0,0,0,0,0
387,386,0.00016,0.01653,0,658,0,0,1,0,1,0,0,-195.367551,0,195.367551,0,0,0,0,0
387,386,0.00016,0.01653,0,658,0,0,1,0,1,0,0,-195.367551,0,195.367551,0,0,0,0,0
388,386,0.00036,0.04243,0,255,0,0,1,0,1,0,0,0,0,-0,0,0,0,0,0
389,386,0.00043,0.03576,0,374,0,0,1,0,1,0,0,-4.4408921e-14,0,4.4408921e-14,0,0,0,0,0
390,386,0.00021,0.02728,0,389,0,0,1,0,1,0,0,-4.4408921e-14,0,4.4408921e-14,0,0,0,0,0
391,386,0.00023,0.02451,0,399,0,0,1,0,1,0,0,4.4408921e-14,0,-4.4408921e-14,0,0,0,0,0
392,386,0.00029,0.03299,0,297,0,0,1,0,1,0,0,4.4408921e-14,0,-4.4408921e-14,0,0,0,0,0
393,386,0.00024,0.03349,0,283,0,0,1,0,1,0,0,-4.4408921e-14,0,4.4408921e-14,0,0,0,0,0
394,386,0.00039,0.022,0,318,0,0,1,0,1,0,0,-4.4408921e-14,0,4.4408921e-14,0,0,0,0,0
395,386,0.00104,0.05624,0,312,0,0,1,0,1,0,0,-4.4408921e-14,0,4.4408921e-14,0,0,0,0,0
396,386,0.00015,0.02168,0,313,0,0,1,0,1,0,0,0,0,-0,0,0,0,0,0
440,386,0.000855,0.012265,0.21949,1493.89,0,0,0,0,1,0,0,-618.22864,0,618.22864,0,0,0,0,0
397,387,0.000514,0.0033,0,66.7,0,0,0,0,1,0,0,-39.95,0,39.95,0,0,0,0,0
398,387,0.000692,0.003106,0,24.41,0,0,0,0,1,0,0,-16.77,0,16.77,0,0,0,0,0
387,467,0.003151,0.028903,0.01024,320.29,0,0,0,0,1,0,0,87.1071618,0,-87.1071618,0,0,0,0,0
387,470,0.002138,0.019612,0.00695,320.29,0,0,0,0,1,0,0,91.2303368,0,-91.2303368,0,0,0,0,0
400,399,0.000694,0.003966,0,31.68,0,0,0,0,1,0,0,-23.03,0,23.03,0,0,0,0,0
408,399,0.001618,0.015538,0.00502,320.29,0,0,0,0,1,0,0,180.117533,0,-180.117533,0,0,0,0,0
402,401,0.000511,0.003712,0,123.69,0,0,0,0,1,0,0,-88.35,0,88.35,0,0,0,0,0
404,403,0.000616,0.003466,0,26.17,0,0,0,0,1,0,0,-19.77,0,19.77,0,0,0,0,0
406,405,0.000583,0.003551,0,8.23,0,0,0,0,1,0,0,-5.25,0,5.25,0,0,0,0,0
492,405,0.004321,0.041496,0.0134,320.29,0,0,0,0,1,0,0,-30.9351688,0,30.9351688,0,0,0,0,0
408,407,0.00036,0.01366,0,595,0,0,1,0,1,0,0,-286.449276,0,286.449276,0,0,0,0,0
409,407,0.00054,0.0611,0,326,0,0,1,0,1,0,0,8.8817842e-14,0,-8.8817842e-14,0,0,0,0,0
410,407,0.00027,0.04197,0,445,0,0,1,0,1,0,0,77.97,0,-77.97,0,0,0,0,0
411,407,0.00016,0.02349,0,441,0,0,1,0,1,0,0,79.43,0,-79.43,0,0,0,0,0
412,407,0.0002,0.02693,0,431,0,0,1,0,1,0,0,79.43,0,-79.43,0,0,0,0,0
413,407,0.00056,0.04036,0,436,0,0,1,0,1,0,0,60.26,0,-60.26,0,0,0,0,0
414,407,0.000999,0.04423,0,342,0,0,1,0,1,0,0,0,0,-0,0,0,0,0,0
416,415,0.00053,0.003834,0,8.66,0,0,0,0,1,0,0,-6.06,0,6.06,0,0,0,0,0
418,417,0.000648,0.003517,0,109.42,0,0,0,0,1,0,0,-63.62,0,63.62,0,0,0,0,0
417,468,0.003561,0.032669,0.01158,320.29,0,0,0,0,1,0,0,-179.861873,0,179.861873,0,0,0,0,0
417,469,0.004887,0.044829,0.01589,320.29,0,0,0,0,1,0,0,9.69288089,0,-9.69288089,0,0,0,0,0
417,474,0.003457,0.033193,0.01072,320.29,0,0,0,0,1,0,0,34.2298619,0,-34.2298619,0,0,0,0,0
420,419,0.000565,0.003753,0,8.45,0,0,0,0,1,0,0,-5.23,0,5.23,0,0,0,0,0
422,421,0.000628,0.003106,0,65.44,0,0,0,0,1,0,0,-49.18,0,49.18,0,0,0,0,0
424,423,0.000683,0.003864,0,273.23,0,0,0,0,1,0,0,-157.1,0,157.1,0,0,0,0,0
423,496,0.003743,0.035945,0.0116,320.29,0,0,0,0,1,0,0,-193.262072,0,193.262072,0,0,0,0,0
426,425,0.00087,0.03219,0,554,0,0,1,0,1,0,0,-128.790266,0,128.790266,0,0,0,0,0
427,426,0.000676,0.003027,0,18.8,0,0,0,0,1,0,0,-14.43,0,14.43,0,0,0,0,0
429,428,0.00013,0.00868,0,646,0,0,1,0,1,0,0,-396.051564,0,396.051564,0,0,0,0,0
430,428,0.00118,0.06355,0,207,0,0,1,0,1,0,0,1,0,-1,0,0,0,0,0
431,428,0.00037,0.03646,0,225,0,0,1,0,1,0,0,3.3,0,-3.3,0,0,0,0,0
432,428,0.00023,0.03175,0,204,0,0,1,0,1,0,0,1.2,0,-1.2,0,0,0,0,0
433,428,0.0008,0.09098,0,218,0,0,1,0,1,0,0,6.7,0,-6.7,0,0,0,0,0
434,428,0.0003,0.02264,0,231,0,0,1,0,1,0,0,4.3,0,-4.3,0,0,0,0,0
435,428,0.00029,0.02826,0,458,0,0,1,0,1,0,0,-8.8817842e-14,0,8.8817842e-14,0,0,0,0,0
436,428,0.00022,0.01431,0,457,0,0,1,0,1,0,0,1.77635684e-13,0,-1.77635684e-13,0,0,0,0,0
437,428,0.00014,0.01844,0,471,0,0,1,0,1,0,0,197,0,-197,0,0,0,0,0
438,428,0.000524,0.02322,0,492,0,0,1,0,1,0,0,197,0,-197,0,0,0,0,0
439,428,0.00012,0.01452,0,474,0,0,1,0,1,0,0,197,0,-197,0,0,0,0,0
429,466,0.001853,0.016994,0.00602,320.29,0,0,0,0,1,0,0,30.2418788,0,-30.2418788,0,0,0,0,0
441,440,0.00058,0.02873,0,649,0,0,1,0,1,0,0,-258.142883,0,258.142883,0,0,0,0,0
442,440,0.0005,0.04469,0,267,0,0,1,0,1,0,0,-4.4408921e-14,0,4.4408921e-14,0,0,0,0,0
443,440,0.00018,0.02669,0,385,0,0,1,0,1,0,0,1.77635684e-13,0,-1.77635684e-13,0,0,0,0,0
444,440,0.00108,0.08953,0,202,0,0,1,0,1,0,0,-2.22044605e-14,0,2.22044605e-14,0,0,0,0,0
446,445,0.00068,0.003579,0,130.2,0,0,0,0,1,0,0,-88.68,0,88.68,0,0,0,0,0
445,461,0.00331,0.031785,0.01026,320.29,0,0,0,0,1,0,0,0.937498578,0,-0.937498578,0,0,0,0,0
448,447,0.000578,0.003842,0,76.12,0,0,0,0,1,0,0,-57.56,0,57.56,0,0,0,0,0
450,449,0.000521,0.003328,0,1.48,0,0,0,0,1,0,0,-1.12,0,1.12,0,0,0,0,0
451,449,0.000525,0.003193,0,3.29,0,0,0,0,1,0,0,-2.21,0,2.21,0,0,0,0,0
495,449,0.001762,0.016167,0.00573,320.29,0,0,0,0,1,0,0,-43.1421285,0,43.1421285,0,0,0,0,0
454,453,0.0002,0.03057,0,634,0,0,1,0,1,0,0,-255.450645,0,255.450645,0,0,0,0,0
455,453,0.00026,0.01616,0,551,0,0,1,0,1,0,0,66.85,0,-66.85,0,0,0,0,0
456,453,0.00015,0.01668,0,651,0,0,1,0,1,0,0,133.7,0,-133.7,0,0,0,0,0
485,454,0.00205,0.019688,0.00636,320.29,0,0,0,0,1,0,0,-78.27927,0,78.27927,0,0,0,0,0
458,457,0.00201,0.07218,0,207,0,0,1,0,1,0,0,109.6,0,-109.6,0,0,0,0,0
459,496,0.002071,0.019002,0.00673,320.29,0,0,0,0,1,0,0,-26.078734,0,26.078734,0,0,0,0,0
463,462,0.00181,0.09575,0,80,0,0,1,0,1,0,0,-2.22044605e-14,0,2.22044605e-14,0,0,0,0,0
462,465,0.003271,0.031414,0.01014,320.29,0,0,0,0,1,0,0,-56.4231205,0,56.4231205,0,0,0,0,0
462,477,0.005013,0.048141,0.01554,320.29,0,0,0,0,1,0,0,56.4231205,0,-56.4231205,0,0,0,0,0
465,464,0.00036,0.02723,0,384,0,0,1,0,1,0,0,-78.6450002,0,78.6450002,0,0,0,0,0
471,464,0.000427,0.006128,0.10966,1493.89,0,0,0,0,1,0,0,99.6376078,0,-99.6376078,0,0,0,0,0
470,467,0.001632,0.014967,0.0053,320.29,0,0,0,0,1,0,0,48.6703368,0,-48.6703368,0,0,0,0,0
472,471,0.00016,0.01869,0,501,0,0,1,0,1,0,0,-152.625233,0,152.625233,0,0,0,0,0
476,486,0.002501,0.024018,0.00775,320.29,0,0,0,0,1,0,0,-19.6780263,0,19.6780263,0,0,0,0,0
480,479,0.00242,0.06304,0,221,0,0,1,0,1,0,0,56,0,-56,0,0,0,0,0
481,479,0.00104,0.05504,0,160,0,0,1,0,1,0,0,45,0,-45,0,0,0,0,0
482,479,0.00123,0.03182,0,187,0,0,1,0,1,0,0,45,0,-45,0,0,0,0,0
483,479,0.00343,0.10067,0,187,0,0,1,0,1,0,0,24,0,-24,0,0,0,0,0
484,479,0.00146,0.05489,0,140,0,0,1,0,1,0,0,28,0,-28,0,0,0,0,0
485,499,0.003774,0.034616,0.01227,320.29,0,0,0,0,1,0,0,69.8205908,0,-69.8205908,0,0,0,0,0
500,489,0.004696,0.043073,0.01526,320.29,0,0,0,0,1,0,0,-6.97722169,0,6.97722169,0,0,0,0,0
494,493,0.00119,0.0643,0,75,0,0,1,0,1,0,0,0,0,-0,0,0,0,0,0
497,496,0.00147,0.0647,0,204,0,0,1,0,1,0,0,60,0,-60,0,0,0,0,0
498,496,0.004006,0.11755,0,150,0,0,1,0,1,0,0,18,0,-18,0,0,0,0,0
