BUS_I,BUS_TYPE,PD,QD,GS,BS,BUS_AREA,VM,VA,BASE_KV,ZONE,VMAX,VMIN,LAM_P,LAM_Q,MU_VMAX,MU_VMIN
1,1,0,0,0,0,1,1.01309875,-10.6952472,138,2,1.1,0.9,24.44,-0.01,0,0
2,1,42.8,11.41,0,0,1,1.01251965,-10.7669287,138,2,1.1,0.9,24.44,-0.01,0,0
3,1,0,0,0,0,1,1.00859118,-11.9934468,138,2,1.1,0.9,24.44,-0,0,0
4,1,132.69,35.38,0,0,1,1.00643254,-12.2431139,138,2,1.1,0.9,24.44,-0,0,0
5,1,0,0,0,0,1,1.01947906,-1.30946445,138,1,1.1,0.9,12.68,0.76,0,0
6,1,3.21,0.86,0,0,1,1.01943149,-1.31550616,138,1,1.1,0.9,12.68,0.76,0,0
7,1,0,0,0,0,1,1.03481008,-6.86962069,345,2,1.1,0.9,24.44,-0,0,0
8,1,0,0,0,0,1,1.02956633,-8.65111041,138,2,1.1,0.9,24.44,-0,0,0
9,2,0,0,0,0,1,1.04,-4.07321486,13.8,2,1.1,0.9,24.44,0,0,0
10,1,0,0,0,0,1,1.02804098,-13.7470432,138,2,1.1,0.9,24.42,-0.03,0,0
11,1,2.47,0.66,0,0,1,1.02800469,-13.7510953,138,2,1.1,0.9,24.42,-0.03,0,0
12,1,0,0,0,0,1,1.00957177,-14.4478994,138,1,1.1,0.9,24.25,-0.01,0,0
13,1,37.16,9.91,0,0,1,1.00903394,-14.5099289,138,1,1.1,0.9,24.25,-0.01,0,0
14,1,0,0,0,0,1,1.03210859,-3.39905857,345,1,1.1,0.9,24.13,0,0,0
15,1,0,0,0,0,1,1.02469853,-6.00736376,138,1,1.1,0.9,24.13,0,0,0
16,2,0,0,0,0,1,1.04,-0.557970676,13.8,1,1.1,0.9,24.13,0,0,0
17,3,0,0,0,0,1,1.04,0,13.8,1,1.1,0.9,24.13,0,0,0
18,2,0,0,0,0,1,1.04,0.894615094,13.8,1,1.1,0.9,24.13,0,0,0
19,1,0,0,0,0,1,1.02052822,-14.2054363,138,2,1.1,0.9,24.39,-0.01,0,0
20,1,4.54,1.21,0,0,1,1.02045806,-14.2147826,138,2,1.1,0.9,24.39,-0.01,0,0
21,1,0,0,0,0,1,1.01107786,-12.2624858,138,2,1.1,0.9,24.43,-0.01,0,0
22,1,148.7,39.65,0,0,1,1.00895563,-12.5144986,138,2,1.1,0.9,24.43,-0.01,0,0
23,1,0,0,0,0,1,1.03090705,-7.88313878,345,1,1.1,0.9,23.93,0.01,0,0
24,1,0,0,0,0,1,1.01673153,-10.7459086,138,1,1.1,0.9,23.95,0.01,0,0
25,1,2.28,0.61,0,0,1,1.01669601,-10.7502875,138,1,1.1,0.9,23.95,0.01,0,0
26,1,21.66,5.78,0,0,1,1.01639921,-10.7888864,138,1,1.1,0.9,23.95,0.01,0,0
27,1,0,0,0,50,1,1.02157942,-16.388503,138,1,1.1,0.9,24.77,-0.19,0,0
28,1,62.93,16.78,0,0,1,1.02050149,-16.51923,138,1,1.1,0.9,24.77,-0.19,0,0
29,1,0,0,0,0,1,1.01097747,-14.5001622,138,2,1.1,0.9,24.44,-0.01,0,0
30,1,99.97,26.66,0,0,1,1.0094917,-14.6760394,138,2,1.1,0.9,24.44,-0.01,0,0
31,1,0,0,0,100,1,1.03481632,-16.9519353,138,2,1.1,0.9,24.36,-0,0,0
32,1,9.76,2.6,0,0,1,1.03467115,-16.9689749,138,2,1.1,0.9,24.36,-0,0,0
33,1,0,0,0,0,1,1.01187508,-15.1242128,138,2,1.1,0.9,24.41,-0.02,0,0
34,1,25,6.67,0,0,1,1.01150401,-15.167842,138,2,1.1,0.9,24.41,-0.02,0,0
35,1,0,0,0,0,1,1.02002656,-15.7879175,138,2,1.1,0.9,24.35,-0,0,0
36,1,43.35,11.56,0,0,1,1.01943432,-15.8565782,138,2,1.1,0.9,24.35,-0,0,0
37,1,0,0,0,0,1,1.0241079,-0.930055994,138,1,1.1,0.9,19.19,0.49,0,0
38,1,0.13,0.03,0,0,1,1.02410609,-0.930318552,138,1,1.1,0.9,19.19,0.49,0,0
39,1,0,0,0,0,1,1.03315489,-7.75818108,345,1,1.1,0.9,23.85,0.01,0,0
40,1,0,0,0,0,1,1.02678168,-8.95657183,138,1,1.1,0.9,23.86,0.02,0,0
41,1,57.99,15.46,0,0,1,1.02583156,-9.0750139,138,1,1.1,0.9,23.86,0.02,0,0
42,1,0,0,0,0,1,1.02732508,-13.5389226,138,2,1.1,0.9,24.33,-0,0,0
43,1,4.46,1.19,0,0,1,1.02726541,-13.5461248,138,2,1.1,0.9,24.33,-0,0,0
44,1,0,0,0,0,1,1.01935031,-9.71059784,138,2,1.1,0.9,24.44,-0.01,0,0
45,1,2.03,0.54,0,0,1,1.01931709,-9.71474696,138,2,1.1,0.9,24.44,-0.01,0,0
46,1,0,0,0,0,1,1.00821907,-13.0880317,138,1,1.1,0.9,23.91,0.01,0,0
47,1,43.41,11.58,0,0,1,1.00756173,-13.1686682,138,1,1.1,0.9,23.91,0.01,0,0
48,1,0,0,0,0,1,1.02176358,-17.6177868,138,1,1.1,0.9,24.23,-0,0,0
49,2,0,0,0,0,1,1.04,-17.4709836,13.8,1,1.1,0.9,24.23,-0,0,0
50,2,0,0,0,0,1,1.04,-17.4327726,13.8,1,1.1,0.9,24.23,-0,0,0
51,1,0.35,0.09,0,0,1,1.02175809,-17.6184597,138,1,1.1,0.9,24.23,-0,0,0
52,1,23.39,6.24,0,0,1,1.02141717,-17.6585775,138,1,1.1,0.9,24.23,-0,0,0
53,1,0,0,0,0,1,1.01804303,-13.1710402,138,2,1.1,0.9,24.44,-0.01,0,0
54,1,34.81,9.28,0,0,1,1.01753076,-13.2264852,138,2,1.1,0.9,24.44,-0.01,0,0
55,1,0,0,0,0,1,1.02604063,-13.1075533,138,1,1.1,0.9,24.3,-0.01,0,0
56,1,2.25,0.6,0,0,1,1.02600721,-13.1113974,138,1,1.1,0.9,24.3,-0.01,0,0
57,1,0,0,0,0,1,1.01715321,-9.58974792,345,1,1.1,0.9,24.22,-0,0,0
58,1,0,0,0,0,1,1.01056565,-12.3668891,138,1,1.1,0.9,24.23,-0.01,0,0
59,1,140.94,37.58,0,0,1,1.00825162,-12.6587593,138,1,1.1,0.9,24.23,-0.01,0,0
60,1,0,0,0,0,1,1.02338924,-9.51304191,138,1,1.1,0.9,23.87,0.02,0,0
61,1,0.2,0.05,0,0,1,1.02338648,-9.51341236,138,1,1.1,0.9,23.87,0.02,0,0
62,1,0,0,0,0,1,1.01275777,-11.8374258,138,1,1.1,0.9,24.44,-0,0,0
63,2,0,0,0,0,1,1.01275777,-11.8374258,13.8,1,1.1,0.9,24.44,-0,0,0
64,1,34.78,9.27,0,0,1,1.01223026,-11.8976435,138,1,1.1,0.9,24.44,-0,0,0
65,1,0,0,0,0,1,1.03090991,-10.5967517,345,1,1.1,0.9,24.31,-0.01,0,0
66,1,0,0,0,0,1,1.02816757,-12.2778123,138,1,1.1,0.9,24.3,-0.01,0,0
67,1,4.57,1.22,0,0,1,1.02809832,-12.2856958,138,1,1.1,0.9,24.3,-0.01,0,0
68,1,0,0,0,0,1,1.01664343,-13.4369807,138,1,1.1,0.9,25.04,-0.25,0,0
69,1,16.96,4.52,0,0,1,1.01635379,-13.4729031,138,1,1.1,0.9,25.04,-0.25,0,0
70,1,0,0,0,0,1,1.0257796,-14.8184895,138,1,1.1,0.9,24.33,-0.03,0,0
71,2,0,0,0,0,1,1.04,-14.740662,13.8,1,1.1,0.9,24.33,-0.03,0,0
72,2,0,0,0,0,1,1.04,-14.6788982,13.8,1,1.1,0.9,24.33,-0.03,0,0
73,2,0,0,0,0,1,1.04,-14.6496991,13.8,1,1.1,0.9,24.33,-0.03,0,0
74,1,0,0,0,0,1,1.02730736,-16.7904753,138,2,1.1,0.9,24.36,-0.01,0,0
75,1,5.3,1.41,0,0,1,1.02723138,-16.7996365,138,2,1.1,0.9,24.36,-0.01,0,0
76,1,0,0,0,0,1,1.02259506,-0.0604430445,138,1,1.1,0.9,17.72,0.58,0,0
77,1,6.95,1.85,0,0,1,1.02248785,-0.072355803,138,1,1.1,0.9,17.72,0.58,0,0
78,1,0,0,0,0,1,1.01835046,-8.41315689,138,1,1.1,0.9,24.15,0,0,0
79,1,0.38,0.1,0,0,1,1.01834492,-8.41381094,138,1,1.1,0.9,24.15,0,0,0
80,1,0,0,0,0,1,1.03464596,-10.1334807,345,2,1.1,0.9,24.32,-0,0,0
81,1,0,0,0,0,1,1.02959921,-12.7024179,138,2,1.1,0.9,24.33,-0,0,0
82,2,0,0,0,0,1,1.04,-4.13098514,13.8,2,1.1,0.9,24.32,0,0,0
83,1,0,0,0,0,1,1.0124699,-15.5135372,138,2,1.1,0.9,24.42,-0.02,0,0
84,1,61.41,16.38,0,0,1,1.01148845,-15.6332664,138,2,1.1,0.9,24.42,-0.02,0,0
85,1,0,0,0,0,1,1.02836452,-15.7732892,138,2,1.1,0.9,24.37,-0.01,0,0
86,1,17.59,4.69,0,0,1,1.02807481,-15.8088192,138,2,1.1,0.9,24.37,-0.01,0,0
87,1,0,0,0,0,1,1.01154377,0.67115456,138,1,1.1,0.9,3.92,-0.64,0,0
88,1,5.25,1.4,0,0,1,1.01146202,0.661150124,138,1,1.1,0.9,3.92,-0.64,0,0
89,1,0,0,0,0,1,1.02163867,-11.0627884,138,2,1.1,0.9,24.44,-0.01,0,0
90,1,5.9,1.57,0,0,1,1.02154727,-11.0748266,138,2,1.1,0.9,24.44,-0.01,0,0
91,1,0,0,0,0,1,1.01507389,-7.54797543,138,1,1.1,0.9,24.14,0,0,0
92,1,65.03,17.34,0,0,1,1.01408618,-7.67337674,138,1,1.1,0.9,24.14,0,0,0
93,1,0,0,0,0,1,1.0215967,-6.38349366,138,2,1.1,0.9,25.59,-0.36,0,0
94,1,5.21,1.39,0,0,1,1.02152471,-6.3924697,138,2,1.1,0.9,25.59,-0.36,0,0
95,1,0,0,0,0,1,1.01539927,-7.5157603,138,1,1.1,0.9,24.14,0,0,0
96,1,34,9.07,0,0,1,1.01491943,-7.57441308,138,1,1.1,0.9,24.14,0,0,0
97,1,0,0,0,0,1,1.02193635,-17.9851857,138,1,1.1,0.9,24.21,0,0,0
98,1,37.09,9.89,0,0,1,1.0213428,-18.0632528,138,1,1.1,0.9,24.21,0,0,0
99,1,0,0,0,0,1,1.02603697,-9.10159762,138,1,1.1,0.9,24.04,-0,0,0
100,1,13.52,3.61,0,0,1,1.0258246,-9.12697437,138,1,1.1,0.9,24.04,-0,0,0
101,1,0.89,0.24,0,0,1,1.0260232,-9.10310188,138,1,1.1,0.9,24.04,-0,0,0
102,1,0,0,0,0,1,1.01729457,-16.4858849,138,1,1.1,0.9,24.27,-0.01,0,0
103,1,38.8,10.35,0,0,1,1.01666487,-16.5656345,138,1,1.1,0.9,24.27,-0.01,0,0
104,1,0,0,0,0,1,1.02094889,-17.3499169,138,2,1.1,0.9,24.35,-0,0,0
105,1,80.33,21.42,0,0,1,1.0196268,-17.5078277,138,2,1.1,0.9,24.35,-0,0,0
106,1,0,0,0,0,1,1.02260169,-14.686792,138,2,1.1,0.9,24.36,-0.01,0,0
107,1,16.01,4.27,0,0,1,1.02237764,-14.7135758,138,2,1.1,0.9,24.36,-0.01,0,0
108,1,0,0,0,0,1,1.01893293,-10.031116,138,1,1.1,0.9,23.94,0.01,0,0
109,1,47.58,12.69,0,0,1,1.01824948,-10.1055935,138,1,1.1,0.9,23.94,0.01,0,0
110,1,0,0,0,50,1,1.0318957,-4.90950676,138,1,1.1,0.9,15.68,0.78,0,0
111,1,62.29,16.61,0,0,1,1.03097765,-5.02918546,138,1,1.1,0.9,15.68,0.78,0,0
112,1,0,0,0,0,1,1.01635014,-13.680033,138,2,1.1,0.9,24.41,-0.01,0,0
113,1,45.99,12.26,0,0,1,1.01568117,-13.7552668,138,2,1.1,0.9,24.41,-0.01,0,0
114,1,0,0,0,0,1,1.02164377,-16.192322,138,2,1.1,0.9,24.35,-0,0,0
115,1,5.06,1.35,0,0,1,1.02157429,-16.2012804,138,2,1.1,0.9,24.35,-0,0,0
116,1,3.1,0.83,0,0,1,1.02160073,-16.1978967,138,2,1.1,0.9,24.35,-0,0,0
117,1,0,0,0,0,1,1.02398824,-13.8622123,138,1,1.1,0.9,24.39,-0.04,0,0
118,1,8.83,2.36,0,0,1,1.02384474,-13.8799781,138,1,1.1,0.9,24.39,-0.04,0,0
119,1,0,0,0,0,1,0.999315737,-15.2770904,138,1,1.1,0.9,24.19,-0.01,0,0
120,1,31.65,8.44,0,0,1,0.998880671,-15.3299693,138,1,1.1,0.9,24.19,-0.01,0,0
121,1,0,0,0,0,1,1.01476733,-13.8880976,138,2,1.1,0.9,24.44,-0.01,0,0
122,1,53.36,14.23,0,0,1,1.01393362,-13.9979801,138,2,1.1,0.9,24.44,-0.01,0,0
123,1,0,0,0,0,1,1.03223708,-3.74309046,345,1,1.1,0.9,24.15,-0,0,0
124,1,0,0,0,0,1,1.03003493,-4.44191937,138,1,1.1,0.9,24.15,-0,0,0
125,2,0,0,0,0,1,1.03223708,-3.74309046,13.8,1,1.1,0.9,24.15,-0,0,0
126,2,0,0,0,0,1,1.03223708,-3.74309046,13.8,1,1.1,0.9,24.15,-0,0,0
127,2,0,0,0,0,1,1.04,0.399429271,13.8,1,1.1,0.9,24.15,0,0,0
128,2,0,0,0,0,1,1.04,-2.37691411,13.8,1,1.1,0.9,24.15,-0,0,0
129,1,0,0,0,0,1,0.997716049,-15.7796338,138,1,1.1,0.9,24.23,-0.01,0,0
130,1,103.24,27.53,0,0,1,0.996097436,-15.9602692,138,1,1.1,0.9,24.23,-0.01,0,0
131,1,0,0,0,0,1,1.02402956,-9.38493029,138,1,1.1,0.9,23.86,0.02,0,0
132,1,25.2,6.72,0,0,1,1.02362621,-9.43225234,138,1,1.1,0.9,23.86,0.02,0,0
133,1,0,0,0,0,1,1.01618044,-7.47496656,138,1,1.1,0.9,24.14,0,0,0
134,1,42.65,11.37,0,0,1,1.01561827,-7.54471427,138,1,1.1,0.9,24.14,0,0,0
135,1,0,0,0,0,1,1.01914651,-11.2618799,138,2,1.1,0.9,24.44,-0.01,0,0
136,1,26.76,7.14,0,0,1,1.01874537,-11.3137658,138,2,1.1,0.9,24.44,-0.01,0,0
137,1,0,0,0,0,1,1.0193945,-13.9427597,138,1,1.1,0.9,24.43,-0.04,0,0
138,1,78.71,20.99,0,0,1,1.0181799,-14.1009046,138,1,1.1,0.9,24.43,-0.04,0,0
139,1,0,0,0,0,1,1.01996328,-10.0435281,138,1,1.1,0.9,23.88,0.02,0,0
140,1,0.26,0.07,0,0,1,1.01995957,-10.0439606,138,1,1.1,0.9,23.88,0.02,0,0
141,1,0,0,0,50,1,1.01478166,-2.54877043,138,1,1.1,0.9,39.7,-3.24,0,0
142,1,161.34,43.02,0,0,1,1.0122213,-2.83979785,138,1,1.1,0.9,39.7,-3.24,0,0
143,1,0,0,0,0,1,1.0234725,6.37013973,138,1,1.1,0.9,8.2,-0.09,0,0
144,2,0,0,0,0,1,1.04,18.8506522,13.8,1,1.1,0.9,8.36,0,0,0
145,2,0,0,0,0,1,1.04,9.06564736,13.8,1,1.1,0.9,8.26,0,0,0
146,1,0,0,0,0,1,1.02990976,-7.81673171,345,2,1.1,0.9,24.46,-0.02,0,0
147,1,0,0,0,0,1,1.02007177,-8.4840171,138,2,1.1,0.9,24.86,-0.13,0,0
148,1,57.42,15.31,0,0,1,1.01914431,-8.60354073,138,2,1.1,0.9,24.86,-0.13,0,0
149,1,0,0,0,0,1,1.02618671,-13.6324246,138,2,1.1,0.9,24.33,-0,0,0
150,1,1.5,0.4,0,0,1,1.02616238,-13.6352907,138,2,1.1,0.9,24.33,-0,0,0
151,1,0,0,0,0,1,1.03185023,-7.98724623,345,1,1.1,0.9,23.9,0.01,0,0
152,1,0,0,0,70,1,1.03120349,-10.3680683,138,1,1.1,0.9,23.9,0.01,0,0
153,1,93.15,24.84,0,0,1,1.02997104,-10.5173579,138,1,1.1,0.9,23.9,0.01,0,0
154,1,0,0,0,0,1,1.01429498,-10.9075601,138,1,1.1,0.9,23.88,0.02,0,0
155,1,66.84,17.82,0,0,1,1.01341328,-11.0142233,138,1,1.1,0.9,23.88,0.02,0,0
156,1,0,0,0,0,1,0.993710704,-14.5148999,138,1,1.1,0.9,23.91,0.01,0,0
157,1,105.45,28.12,0,0,1,0.992055002,-14.7244922,138,1,1.1,0.9,23.91,0.01,0,0
158,1,0,0,0,0,1,1.01235418,-13.4508529,138,2,1.1,0.9,24.44,-0.01,0,0
159,1,22.85,6.09,0,0,1,1.01198506,-13.4982997,138,2,1.1,0.9,24.44,-0.01,0,0
160,1,0,0,0,0,1,1.02170334,-14.9470063,138,2,1.1,0.9,24.34,-0,0,0
161,1,25.95,6.92,0,0,1,1.02131995,-14.9957328,138,2,1.1,0.9,24.34,-0,0,0
162,1,0,0,0,0,1,1.03016983,-7.77924649,345,2,1.1,0.9,24.44,-0.01,0,0
163,1,0,0,0,0,1,1.02627844,-8.55733975,138,2,1.1,0.9,24.44,-0.01,0,0
164,1,98.15,26.17,0,0,1,1.02463098,-8.76129102,138,2,1.1,0.9,24.44,-0.01,0,0
165,1,0,0,0,0,1,1.03234514,-3.39046217,345,1,1.1,0.9,24.15,-0,0,0
166,1,0,0,0,0,1,1.02716616,-4.94948035,138,1,1.1,0.9,24.14,-0,0,0
167,2,0,0,0,0,1,1.04,-1.17153682,13.8,1,1.1,0.9,24.15,0,0,0
168,2,0,0,0,0,1,1.04,0.272658411,13.8,1,1.1,0.9,24.15,0,0,0
169,2,0,0,0,0,1,1.04,1.89180667,13.8,1,1.1,0.9,24.15,0,0,0
170,1,0,0,0,0,1,1.01492806,-7.65289984,138,1,1.1,0.9,24.14,0,0,0
171,1,12.38,3.3,0,0,1,1.01474265,-7.67795089,138,1,1.1,0.9,24.14,0,0,0
172,1,0,0,0,0,1,1.01576113,-12.7011426,138,1,1.1,0.9,24.92,-0.19,0,0
173,1,3.14,0.84,0,0,1,1.01571434,-12.7062927,138,1,1.1,0.9,24.92,-0.19,0,0
174,1,7.3,1.95,0,0,1,1.01566065,-12.7128287,138,1,1.1,0.9,24.92,-0.19,0,0
175,1,0,0,0,0,1,1.03649535,-3.51922846,345,1,1.1,0.9,23.72,0.07,0,0
176,1,0,0,0,0,1,1.02776807,-2.71057836,138,1,1.1,0.9,22.2,0.18,0,0
177,1,8.78,2.34,0,0,1,1.02763734,-2.72725154,138,1,1.1,0.9,22.2,0.18,0,0
178,1,6.81,1.82,0,0,1,1.02766683,-2.72156199,138,1,1.1,0.9,22.2,0.18,0,0
179,1,0,0,0,0,1,1.0060306,-14.6706901,138,2,1.1,0.9,24.44,-0.01,0,0
180,1,14.14,3.77,0,0,1,1.00580918,-14.6956463,138,2,1.1,0.9,24.44,-0.01,0,0
181,1,0,0,0,60,1,1.02806636,-17.783792,138,1,1.1,0.9,24.2,0,0,0
182,1,82.61,22.03,0,0,1,1.02675763,-17.9428277,138,1,1.1,0.9,24.2,0,0,0
183,1,0,0,0,0,1,1.02906671,-6.63700436,138,1,1.1,0.9,19.1,0.43,0,0
184,1,30.18,8.05,0,0,1,1.02867196,-6.68377876,138,1,1.1,0.9,19.1,0.43,0,0
185,1,0,0,0,0,1,1.01332174,-9.21464918,138,1,1.1,0.9,24.14,0,0,0
186,1,45.35,12.09,0,0,1,1.01270319,-9.28848788,138,1,1.1,0.9,24.14,0,0,0
187,1,0,0,0,0,1,1.02062616,-11.4451744,138,2,1.1,0.9,24.44,-0.01,0,0
188,1,11.05,2.95,0,0,1,1.02046264,-11.463205,138,2,1.1,0.9,24.44,-0.01,0,0
189,1,0,0,0,0,1,1.03014276,-17.0746969,138,2,1.1,0.9,24.36,-0.01,0,0
190,1,14.07,3.75,0,0,1,1.02993883,-17.09617,138,2,1.1,0.9,24.36,-0.01,0,0
191,1,0,0,0,0,1,1.02229525,-15.668404,138,2,1.1,0.9,24.35,-0,0,0
192,1,16.44,4.38,0,0,1,1.02202375,-15.7006952,138,2,1.1,0.9,24.35,-0,0,0
193,1,0,0,0,0,1,1.01752512,-14.1625189,138,2,1.1,0.9,24.4,-0.01,0,0
194,1,28.69,7.65,0,0,1,1.0170423,-14.2199633,138,2,1.1,0.9,24.4,-0.01,0,0
195,1,0,0,0,0,1,1.03008834,-7.80586272,345,2,1.1,0.9,24.45,-0.01,0,0
196,1,0,0,0,0,1,1.02093382,-10.0521698,138,2,1.1,0.9,24.44,-0.01,0,0
197,2,0,0,0,0,1,1.04,-2.94191618,13.8,2,1.1,0.9,24.45,0,0,0
198,2,0,0,0,0,1,1.04,-5.39252034,13.8,2,1.1,0.9,24.45,0,0,0
199,1,86.39,23.04,0,0,1,1.01959479,-10.2008709,138,2,1.1,0.9,24.44,-0.01,0,0
200,1,0,0,0,0,1,1.02173606,-9.31304016,138,2,1.1,0.9,24.44,-0.01,0,0
201,1,8.89,2.37,0,0,1,1.0216027,-9.32763627,138,2,1.1,0.9,24.44,-0.01,0,0
202,1,0,0,0,0,1,1.01197973,-12.2022807,138,1,1.1,0.9,25.22,-0.27,0,0
203,1,4.69,1.25,0,0,1,1.01190518,-12.2113244,138,1,1.1,0.9,25.22,-0.27,0,0
204,1,45.67,12.18,0,0,1,1.01126017,-12.2979488,138,1,1.1,0.9,25.22,-0.27,0,0
205,1,0,0,0,0,1,1.02418029,-16.5849891,138,2,1.1,0.9,24.35,-0,0,0
206,1,3.01,0.8,0,0,1,1.02414035,-16.5897257,138,2,1.1,0.9,24.35,-0,0,0
207,1,22.57,6.02,0,0,1,1.02381848,-16.6284718,138,2,1.1,0.9,24.35,-0,0,0
208,1,0,0,0,80,1,1.01701659,-16.2982372,138,1,1.1,0.9,24.39,-0.06,0,0
209,1,81.85,21.83,0,0,1,1.01582475,-16.4554768,138,1,1.1,0.9,24.39,-0.06,0,0
210,1,0,0,0,0,1,1.00745289,-12.1164084,138,1,1.1,0.9,23.94,0.01,0,0
211,1,34.28,9.14,0,0,1,1.00687756,-12.1861514,138,1,1.1,0.9,23.94,0.01,0,0
212,1,0,0,0,0,1,1.02183342,-14.7654605,138,2,1.1,0.9,24.34,-0,0,0
213,1,97.48,26,0,0,1,1.02028885,-14.953899,138,2,1.1,0.9,24.34,-0,0,0
214,1,0,0,0,0,1,1.01636311,-14.7739044,138,1,1.1,0.9,24.43,-0.04,0,0
215,1,84.48,22.53,0,0,1,1.01503114,-14.9455742,138,1,1.1,0.9,24.43,-0.04,0,0
216,1,0,0,0,0,1,1.01668549,-15.1104555,138,1,1.1,0.9,24.3,-0.02,0,0
217,1,55.1,14.69,0,0,1,1.01590634,-15.2012061,138,1,1.1,0.9,24.3,-0.02,0,0
218,1,0,0,0,0,1,1.02860259,-15.5165051,138,2,1.1,0.9,24.35,-0,0,0
219,1,0.33,0.09,0,0,1,1.02859752,-15.5171303,138,2,1.1,0.9,24.35,-0,0,0
220,1,0,0,0,0,1,1.03751268,-3.85397964,345,1,1.1,0.9,24.34,-0.02,0,0
221,1,0,0,0,0,1,1.02611954,-7.11262923,138,1,1.1,0.9,26.15,-0.42,0,0
222,2,0,0,0,0,1,1.04,-3.79550834,13.8,1,1.1,0.9,24.34,-0.02,0,0
223,2,0,0,0,0,1,1.04,-3.56380155,13.8,1,1.1,0.9,24.34,-0.02,0,0
224,2,0,0,0,0,1,1.04,-0.592716644,13.8,1,1.1,0.9,24.34,0,0,0
225,2,0,0,0,0,1,1.04,-2.15816645,13.8,1,1.1,0.9,24.34,0,0,0
226,1,0,0,0,0,1,1.01540461,-7.65345275,138,1,1.1,0.9,24.14,0,0,0
227,1,5.42,1.45,0,0,1,1.01532119,-7.66299699,138,1,1.1,0.9,24.14,0,0,0
228,1,0,0,0,0,1,1.00531631,-10.0289052,138,1,1.1,0.9,24.1,-0,0,0
229,1,54.09,14.42,0,0,1,1.00448168,-10.134224,138,1,1.1,0.9,24.1,-0,0,0
230,1,0,0,0,0,1,1.02477692,-12.7387433,138,1,1.1,0.9,24.17,0,0,0
231,2,0,0,0,0,1,1.04,-12.4609355,13.8,1,1.1,0.9,24.17,0,0,0
232,1,0,0,0,0,1,1.03017141,-8.68351698,345,2,1.1,0.9,24.44,-0.01,0,0
233,1,0,0,0,0,1,1.02027464,-11.9989042,138,2,1.1,0.9,24.44,-0.01,0,0
234,1,59.96,15.99,0,0,1,1.01941308,-12.1068504,138,2,1.1,0.9,24.44,-0.01,0,0
235,1,0,0,0,0,1,1.03143332,-12.5220876,345,2,1.1,0.9,24.35,-0,0,0
236,1,0,0,0,0,1,1.02443737,-13.7470063,138,2,1.1,0.9,24.37,-0.01,0,0
237,1,2.71,0.72,0,0,1,1.02439542,-13.7516864,138,2,1.1,0.9,24.37,-0.01,0,0
238,1,0,0,0,0,1,1.01990253,-11.7185214,138,1,1.1,0.9,23.9,0.01,0,0
239,1,39.13,10.44,0,0,1,1.01933407,-11.7936149,138,1,1.1,0.9,23.9,0.01,0,0
240,1,0,0,0,0,1,1.02534117,-16.4571587,138,2,1.1,0.9,24.37,-0.01,0,0
241,1,19.74,5.26,0,0,1,1.02503252,-16.4984724,138,2,1.1,0.9,24.37,-0.01,0,0
242,1,0,0,0,70,1,1.02207805,-15.8616397,138,2,1.1,0.9,24.44,-0.01,0,0
243,1,74.47,19.86,0,0,1,1.02091258,-16.0064111,138,2,1.1,0.9,24.44,-0.01,0,0
244,1,0,0,0,0,1,1.01969506,-12.9215706,138,1,1.1,0.9,24.69,-0.12,0,0
245,1,11.83,3.16,0,0,1,1.01952788,-12.9410863,138,1,1.1,0.9,24.69,-0.12,0,0
246,1,0,0,0,0,1,1.03514737,-7.52350918,345,1,1.1,0.9,23.63,0.05,0,0
247,1,0,0,0,0,1,1.03018437,-6.83636443,138,1,1.1,0.9,20.09,0.29,0,0
248,2,0,0,0,0,1,1.03514737,-7.52350918,13.8,1,1.1,0.9,23.63,0.05,0,0
249,2,0,0,0,0,1,1.03514737,-7.52350918,13.8,1,1.1,0.9,23.63,0.05,0,0
250,2,0,0,0,0,1,1.03514737,-7.52350918,13.8,1,1.1,0.9,23.63,0.05,0,0
251,1,0,0,0,0,1,0.996750078,-14.6581913,138,1,1.1,0.9,24.03,0.01,0,0
252,1,118.68,31.65,0,0,1,0.99472261,-14.911036,138,1,1.1,0.9,24.03,0.01,0,0
253,1,0,0,0,0,1,1.0020319,-14.6906164,138,1,1.1,0.9,24.17,-0.01,0,0
254,2,0,0,0,0,1,1.0020319,-14.6906164,13.8,1,1.1,0.9,24.17,-0.01,0,0
255,2,0,0,0,0,1,1.0020319,-14.6906164,13.8,1,1.1,0.9,24.17,-0.01,0,0
256,2,0,0,0,0,1,1.0020319,-14.6906164,13.8,1,1.1,0.9,24.17,-0.01,0,0
257,2,0,0,0,0,1,1.0020319,-14.6906164,13.8,1,1.1,0.9,24.17,-0.01,0,0
258,2,0,0,0,0,1,1.04,-14.6118862,13.8,1,1.1,0.9,24.17,-0.01,0,0
259,1,8.16,2.18,0,0,1,1.00190088,-14.7064726,138,1,1.1,0.9,24.17,-0.01,0,0
260,1,0,0,0,0,1,1.02800189,-4.7896724,138,1,1.1,0.9,24.14,-0,0,0
261,1,18.68,4.98,0,0,1,1.02773672,-4.82171438,138,1,1.1,0.9,24.14,-0,0,0
262,1,0,0,0,0,1,1.02955204,-8.95982239,345,2,1.1,0.9,24.44,-0.01,0,0
263,1,0,0,0,120,1,1.02395925,-13.1773715,138,2,1.1,0.9,24.44,-0.01,0,0
264,2,0,0,0,0,1,1.02955204,-8.95982239,13.8,2,1.1,0.9,24.44,-0.01,0,0
265,2,0,0,0,0,1,1.02955204,-8.95982239,13.8,2,1.1,0.9,24.44,-0.01,0,0
266,1,61.78,16.48,0,0,1,1.0230639,-13.2873127,138,2,1.1,0.9,24.44,-0.01,0,0
267,1,0,0,0,0,1,1.01823412,-18.1364594,138,2,1.1,0.9,24.35,-0,0,0
268,1,117.15,31.24,0,0,1,1.01654923,-18.3596066,138,2,1.1,0.9,24.35,-0,0,0
269,1,0,0,0,0,1,1.02066465,-7.22195186,138,2,1.1,0.9,25.33,-0.28,0,0
270,1,6.8,1.81,0,0,1,1.02055584,-7.23625574,138,2,1.1,0.9,25.33,-0.28,0,0
271,1,0,0,0,0,1,1.03083338,-12.7110811,345,2,1.1,0.9,24.36,-0,0,0
272,1,0,0,0,0,1,1.02573018,-14.4471302,138,2,1.1,0.9,24.37,-0.01,0,0
273,1,9.49,2.53,0,0,1,1.02557905,-14.4670084,138,2,1.1,0.9,24.37,-0.01,0,0
274,1,0,0,0,0,1,1.03065476,-5.70366964,138,1,1.1,0.9,17.25,0.64,0,0
275,2,0,0,0,0,1,1.03065476,-5.70366964,13.8,1,1.1,0.9,17.25,0.64,0,0
276,1,0,0,0,0,1,1.01855119,-13.6822709,138,2,1.1,0.9,24.44,-0.01,0,0
277,1,0.41,0.11,0,0,1,1.01854506,-13.6830675,138,2,1.1,0.9,24.44,-0.01,0,0
278,1,5.77,1.54,0,0,1,1.01846298,-13.6940905,138,2,1.1,0.9,24.44,-0.01,0,0
279,1,0,0,0,0,1,1.00687752,-11.1888712,138,1,1.1,0.9,24.05,0,0,0
280,1,16.94,4.52,0,0,1,1.00662277,-11.2166098,138,1,1.1,0.9,24.05,0,0,0
281,1,0,0,0,0,1,1.00778241,-16.1358173,138,1,1.1,0.9,24.21,-0,0,0
282,1,117.3,31.28,0,0,1,1.00602119,-16.36606,138,1,1.1,0.9,24.21,-0,0,0
283,1,0,0,0,0,1,1.01896365,-14.2096751,138,2,1.1,0.9,24.38,-0.01,0,0
284,1,32.65,8.71,0,0,1,1.01841506,-14.2784648,138,2,1.1,0.9,24.38,-0.01,0,0
285,1,0,0,0,0,1,1.02427946,-14.4605263,138,1,1.1,0.9,24.18,0,0,0
286,1,8.27,2.2,0,0,1,1.02415542,-14.4744771,138,1,1.1,0.9,24.18,0,0,0
287,1,0,0,0,0,1,1.01687639,-12.4948826,138,2,1.1,0.9,24.44,-0.01,0,0
288,1,58.11,15.5,0,0,1,1.01600176,-12.6135647,138,2,1.1,0.9,24.44,-0.01,0,0
289,1,0,0,0,0,1,1.0212618,-6.47058629,138,1,1.1,0.9,24.12,-0,0,0
290,1,3.69,0.98,0,0,1,1.02120564,-6.47801153,138,1,1.1,0.9,24.12,-0,0,0
291,1,0,0,0,0,1,1.00908831,-14.1263378,138,2,1.1,0.9,24.44,-0.01,0,0
292,1,7.62,2.03,0,0,1,1.00897952,-14.1394849,138,2,1.1,0.9,24.44,-0.01,0,0
293,1,0,0,0,0,1,1.02244853,-14.8775929,138,2,1.1,0.9,24.34,-0,0,0
294,1,25.6,6.83,0,0,1,1.02206682,-14.9213558,138,2,1.1,0.9,24.34,-0,0,0
295,1,0,0,0,0,1,1.01641176,-12.0103052,138,1,1.1,0.9,25.15,-0.27,0,0
296,1,7.79,2.08,0,0,1,1.01630077,-12.0245261,138,1,1.1,0.9,25.15,-0.27,0,0
297,1,0,0,0,0,1,1.02601793,-10.314355,345,1,1.1,0.9,24.29,-0.01,0,0
298,1,0,0,0,0,1,1.02559193,-11.7522293,138,1,1.1,0.9,24.36,-0.02,0,0
299,1,14.57,3.88,0,0,1,1.02537757,-11.7799353,138,1,1.1,0.9,24.36,-0.02,0,0
300,1,0,0,0,40,1,1.02409603,-4.75215817,138,1,1.1,0.9,35.64,-2.66,0,0
301,2,0,0,0,0,1,1.04,-4.65210077,13.8,1,1.1,0.9,35.65,-2.65,0,0
302,2,0,0,0,0,1,1.04,-4.67136005,13.8,1,1.1,0.9,35.65,-2.65,0,0
303,1,86.76,23.14,0,0,1,1.0226384,-4.9337005,138,1,1.1,0.9,35.63,-2.66,0,0
304,1,0,0,0,0,1,1.00371876,-15.5111734,138,1,1.1,0.9,24.24,-0.01,0,0
305,2,0,0,0,0,1,1.04,-15.2964291,13.8,1,1.1,0.9,24.24,-0.01,0,0
306,2,0,0,0,0,1,1.04,-15.2250786,13.8,1,1.1,0.9,24.24,-0.01,0,0
307,1,76.04,20.28,0,0,1,1.00259945,-15.654957,138,1,1.1,0.9,24.24,-0.01,0,0
308,1,0,0,0,0,1,1.0221058,-14.493249,138,1,1.1,0.9,24.29,-0.01,0,0
309,1,9.03,2.41,0,0,1,1.02195339,-14.5121671,138,1,1.1,0.9,24.29,-0.01,0,0
310,1,0,0,0,50,1,1.01734101,-17.1439064,138,1,1.1,0.9,24.21,-0,0,0
311,1,43.83,11.69,0,0,1,1.01666149,-17.2270037,138,1,1.1,0.9,24.21,-0,0,0
312,1,0,0,0,0,1,1.02159774,-16.5322839,138,2,1.1,0.9,24.35,-0,0,0
313,1,12.44,3.32,0,0,1,1.0213902,-16.5582728,138,2,1.1,0.9,24.35,-0,0,0
314,1,0,0,0,0,1,1.01655729,-12.9248431,138,1,1.1,0.9,25.08,-0.26,0,0
315,1,0.43,0.11,0,0,1,1.01655162,-12.9255597,138,1,1.1,0.9,25.08,-0.26,0,0
316,1,0,0,0,0,1,1.02408817,-2.84400056,138,1,1.1,0.9,13.93,0.82,0,0
317,1,3.75,1,0,0,1,1.02403386,-2.8498726,138,1,1.1,0.9,13.93,0.82,0,0
318,1,0,0,0,0,1,1.02793087,-3.70350032,138,1,1.1,0.9,24.26,-0.13,0,0
319,2,0,0,0,0,1,1.04,-1.9973225,13.8,1,1.1,0.9,24.27,-0.13,0,0
320,1,0,0,0,0,1,1.01172065,-16.0217686,138,2,1.1,0.9,24.44,-0.01,0,0
321,1,150.42,40.11,0,0,1,1.0093365,-16.3131177,138,2,1.1,0.9,24.44,-0.01,0,0
322,1,0,0,0,0,1,1.00688699,-14.1581027,138,1,1.1,0.9,24.27,-0.02,0,0
323,1,45.27,12.07,0,0,1,1.00621715,-14.2332055,138,1,1.1,0.9,24.27,-0.02,0,0
324,1,0,0,0,0,1,0.999535447,-15.3443383,138,1,1.1,0.9,24.25,-0.02,0,0
325,1,103.46,27.59,0,0,1,0.997945626,-15.5564247,138,1,1.1,0.9,24.25,-0.02,0,0
326,1,0,0,0,0,1,1.0156282,-14.8613248,138,2,1.1,0.9,24.44,-0.01,0,0
327,1,121.07,32.28,0,0,1,1.01392335,-15.0661589,138,2,1.1,0.9,24.44,-0.01,0,0
328,1,0,0,0,0,1,1.00861048,-12.7679462,138,1,1.1,0.9,24.18,0,0,0
329,1,26.02,6.94,0,0,1,1.0082584,-12.8102585,138,1,1.1,0.9,24.18,0,0,0
330,1,0,0,0,0,1,1.01891085,-10.0972973,138,1,1.1,0.9,23.88,0.02,0,0
331,1,57.17,15.25,0,0,1,1.01800706,-10.2150871,138,1,1.1,0.9,23.88,0.02,0,0
332,1,0,0,0,0,1,1.03285941,-7.68385301,345,1,1.1,0.9,23.85,0.01,0,0
333,1,0,0,0,0,1,1.0243273,-9.29137005,138,1,1.1,0.9,23.87,0.02,0,0
334,1,0.5,0.13,0,0,1,1.02432001,-9.29219568,138,1,1.1,0.9,23.87,0.02,0,0
335,1,0.83,0.22,0,0,1,1.02431459,-9.29290464,138,1,1.1,0.9,23.87,0.02,0,0
336,1,0,0,0,0,1,1.02359774,-4.99518076,138,1,1.1,0.9,25.99,-0.47,0,0
337,1,5.67,1.51,0,0,1,1.02350893,-5.00682166,138,1,1.1,0.9,25.99,-0.47,0,0
338,1,0,0,0,0,1,1.0169886,5.07576515,138,1,1.1,0.9,7.83,-0.18,0,0
339,1,75.1,20.03,0,0,1,1.01585729,4.93081611,138,1,1.1,0.9,7.82,-0.18,0,0
340,1,0,0,0,0,1,1.00625096,-11.7728552,138,1,1.1,0.9,23.98,0.01,0,0
341,1,24.22,6.46,0,0,1,1.00585469,-11.8233398,138,1,1.1,0.9,23.98,0.01,0,0
342,1,0,0,0,0,1,1.02147436,-14.5029211,138,2,1.1,0.9,24.42,-0.03,0,0
343,1,2.51,0.67,0,0,1,1.02143641,-14.5077098,138,2,1.1,0.9,24.42,-0.03,0,0
344,1,2.43,0.65,0,0,1,1.02143611,-14.5078895,138,2,1.1,0.9,24.42,-0.03,0,0
345,1,0,0,0,0,1,1.00395047,-14.8815179,138,2,1.1,0.9,24.44,-0.01,0,0
346,1,47.58,12.69,0,0,1,1.0032823,-14.963727,138,2,1.1,0.9,24.44,-0.01,0,0
347,1,0,0,0,0,1,0.997686043,-15.2535625,138,1,1.1,0.9,24.14,-0,0,0
348,1,86.4,23.04,0,0,1,0.996459528,-15.4011839,138,1,1.1,0.9,24.14,-0,0,0
349,1,0,0,0,0,1,1.03139718,-13.3575607,138,2,1.1,0.9,24.42,-0.03,0,0
350,2,0,0,0,0,1,1.04,-12.8011822,13.8,2,1.1,0.9,24.42,-0.03,0,0
351,2,0,0,0,0,1,1.04,-13.1179554,13.8,2,1.1,0.9,24.42,-0.03,0,0
352,2,0,0,0,0,1,1.04,-12.8222029,13.8,2,1.1,0.9,24.42,-0.03,0,0
353,2,0,0,0,0,1,1.04,-10.5190517,13.8,2,1.1,0.9,24.42,-0.03,0,0
354,1,0,0,0,0,1,1.02290197,-9.13356542,138,2,1.1,0.9,24.44,-0,0,0
355,1,19.97,5.32,0,0,1,1.02257175,-9.1726907,138,2,1.1,0.9,24.44,-0,0,0
356,1,0,0,0,0,1,1.01398401,-16.9927811,138,1,1.1,0.9,24.5,-0.1,0,0
357,1,55.73,14.86,0,0,1,1.01317644,-17.0946589,138,1,1.1,0.9,24.5,-0.1,0,0
358,1,0,0,0,0,1,1.01983737,-17.6698456,138,1,1.1,0.9,24.21,-0,0,0
359,1,14.59,3.89,0,0,1,1.01960763,-17.696595,138,1,1.1,0.9,24.21,-0,0,0
360,1,0,0,0,0,1,1.00734899,-12.6134696,138,1,1.1,0.9,23.99,0.01,0,0
361,2,0,0,0,0,1,1.00734899,-12.6134696,13.8,1,1.1,0.9,23.99,0.01,0,0
362,2,0,0,0,0,1,1.00734899,-12.6134696,13.8,1,1.1,0.9,23.99,0.01,0,0
363,2,0,0,0,0,1,1.00734899,-12.6134696,13.8,1,1.1,0.9,23.99,0.01,0,0
364,1,30.44,8.12,0,0,1,1.00690644,-12.6722958,138,1,1.1,0.9,23.99,0.01,0,0
365,1,0,0,0,0,1,1.00957178,-14.1150503,138,2,1.1,0.9,24.44,-0.01,0,0
366,1,56.49,15.06,0,0,1,1.00868206,-14.234899,138,2,1.1,0.9,24.44,-0.01,0,0
367,1,0,0,0,0,1,1.01763044,-7.71427875,138,1,1.1,0.9,24.13,-0,0,0
368,1,11.45,3.05,0,0,1,1.01747586,-7.73377003,138,1,1.1,0.9,24.13,-0,0,0
369,1,0,0,0,0,1,1.02098405,-6.53070579,138,1,1.1,0.9,24.14,0,0,0
370,1,35.6,9.49,0,0,1,1.02050021,-6.58769998,138,1,1.1,0.9,24.14,0,0,0
371,1,0,0,0,0,1,1.02922885,-8.52748201,345,2,1.1,0.9,24.44,-0.01,0,0
372,1,0,0,0,0,1,1.02077207,-12.0755797,138,2,1.1,0.9,24.42,-0.01,0,0
373,1,28.84,7.69,0,0,1,1.02036776,-12.1235876,138,2,1.1,0.9,24.42,-0.01,0,0
374,1,0,0,0,0,1,1.00677375,-14.5652303,138,2,1.1,0.9,24.44,-0.01,0,0
375,1,24.76,6.6,0,0,1,1.00645306,-14.6054605,138,2,1.1,0.9,24.44,-0.01,0,0
376,1,0,0,0,0,1,1.01184136,-11.2790133,138,1,1.1,0.9,23.91,0.02,0,0
377,1,90.39,24.1,0,0,1,1.01058818,-11.4421564,138,1,1.1,0.9,23.91,0.02,0,0
378,1,0,0,0,0,1,1.02663695,-4.03504701,138,1,1.1,0.9,24.61,-0.19,0,0
379,1,13.01,3.47,0,0,1,1.02643334,-4.06095433,138,1,1.1,0.9,24.61,-0.19,0,0
380,1,0,0,0,0,1,1.01649483,-10.1376329,138,1,1.1,0.9,25.63,-0.36,0,0
381,1,10.13,2.7,0,0,1,1.01634667,-10.1570095,138,1,1.1,0.9,25.63,-0.36,0,0
382,1,0,0,0,0,1,1.01605771,-16.9424566,138,1,1.1,0.9,24.63,-0.14,0,0
383,1,29.95,7.99,0,0,1,1.01561657,-16.9994727,138,1,1.1,0.9,24.63,-0.14,0,0
384,1,0,0,0,0,1,1.00846722,-14.7522636,138,1,1.1,0.9,24.22,-0,0,0
385,1,36.62,9.77,0,0,1,1.00795514,-14.8141146,138,1,1.1,0.9,24.22,-0,0,0
386,1,0,0,0,0,1,1.02949069,-4.69113457,345,1,1.1,0.9,24.13,0,0,0
387,1,0,0,0,0,1,1.02425729,-6.462139,138,1,1.1,0.9,24.14,0,0,0
388,2,0,0,0,0,1,1.02949069,-4.69113457,13.8,1,1.1,0.9,24.13,0,0,0
389,2,0,0,0,0,1,1.02949069,-4.69113457,13.8,1,1.1,0.9,24.13,0,0,0
390,2,0,0,0,0,1,1.02949069,-4.69113457,13.8,1,1.1,0.9,24.13,0,0,0
391,2,0,0,0,0,1,1.02949069,-4.69113457,13.8,1,1.1,0.9,24.13,0,0,0
392,2,0,0,0,0,1,1.02949069,-4.69113457,13.8,1,1.1,0.9,24.13,0,0,0
393,2,0,0,0,0,1,1.02949069,-4.69113457,13.8,1,1.1,0.9,24.13,0,0,0
394,2,0,0,0,0,1,1.02949069,-4.69113457,13.8,1,1.1,0.9,24.13,0,0,0
395,2,0,0,0,0,1,1.02949069,-4.69113457,13.8,1,1.1,0.9,24.13,0,0,0
396,2,0,0,0,0,1,1.02949069,-4.69113457,13.8,1,1.1,0.9,24.13,0,0,0
397,1,39.95,10.65,0,0,1,1.02371265,-6.53118656,138,1,1.1,0.9,24.14,0,0,0
398,1,16.77,4.47,0,0,1,1.02400827,-6.48890333,138,1,1.1,0.9,24.14,0,0,0
399,1,0,0,0,0,1,1.02463007,-14.7073061,138,2,1.1,0.9,24.34,-0,0,0
400,1,23.03,6.14,0,0,1,1.02423592,-14.7548455,138,2,1.1,0.9,24.34,-0,0,0
401,1,0,0,0,0,1,1.0125751,1.87760134,138,1,1.1,0.9,10.16,0.44,0,0
402,1,88.35,23.56,0,0,1,1.01125903,1.70083265,138,1,1.1,0.9,10.15,0.44,0,0
403,1,0,0,0,0,1,1.02461873,-14.0585677,138,1,1.1,0.9,24.42,-0.03,0,0
404,1,19.77,5.27,0,0,1,1.02432132,-14.094203,138,1,1.1,0.9,24.42,-0.03,0,0
405,1,0,0,0,0,1,1.0207383,-5.346165,138,1,1.1,0.9,33.28,-2.17,0,0
406,1,5.25,1.4,0,0,1,1.02065959,-5.35596881,138,1,1.1,0.9,33.28,-2.17,0,0
407,1,0,0,0,0,1,1.03562326,-11.0663836,345,2,1.1,0.9,24.34,-0,0,0
408,1,0,0,0,0,1,1.02946572,-13.1832368,138,2,1.1,0.9,24.34,-0,0,0
409,2,0,0,0,0,1,1.03562326,-11.0663836,13.8,2,1.1,0.9,24.34,-0,0,0
410,2,0,0,0,0,1,1.04,-9.32695147,13.8,2,1.1,0.9,24.34,0,0,0
411,2,0,0,0,0,1,1.04,-10.0754398,13.8,2,1.1,0.9,24.34,0,0,0
412,2,0,0,0,0,1,1.04,-9.93021708,13.8,2,1.1,0.9,24.34,0,0,0
413,2,0,0,0,0,1,1.04,-9.77578496,13.8,2,1.1,0.9,24.34,0,0,0
414,2,0,0,0,0,1,1.03562326,-11.0663836,13.8,2,1.1,0.9,24.34,-0,0,0
415,1,0,0,0,0,1,1.01171325,-13.4690368,138,2,1.1,0.9,24.44,-0.01,0,0
416,1,6.06,1.62,0,0,1,1.01162008,-13.481563,138,2,1.1,0.9,24.44,-0.01,0,0
417,1,0,0,0,110,1,1.00493576,-13.9729338,138,1,1.1,0.9,24.07,0,0,0
418,1,63.62,16.96,0,0,1,1.00392873,-14.0937638,138,1,1.1,0.9,24.07,0,0,0
419,1,0,0,0,0,1,1.01909406,-17.0411881,138,1,1.1,0.9,24.25,-0,0,0
420,1,5.23,1.39,0,0,1,1.01901386,-17.0515843,138,1,1.1,0.9,24.25,-0,0,0
421,1,0,0,0,0,1,1.0141414,-10.5098783,138,2,1.1,0.9,24.44,-0.01,0,0
422,1,49.18,13.11,0,0,1,1.01343385,-10.5904452,138,2,1.1,0.9,24.44,-0.01,0,0
423,1,0,0,0,0,1,1.00685745,1.03972775,138,1,1.1,0.9,4.94,-0.61,0,0
424,1,157.1,41.89,0,0,1,1.0041605,0.711934635,138,1,1.1,0.9,4.89,-0.62,0,0
425,1,0,0,0,0,1,1.02573489,-10.6045723,345,1,1.1,0.9,24.31,-0.01,0,0
426,1,0,0,0,50,1,1.02500854,-12.9414069,138,1,1.1,0.9,24.43,-0.04,0,0
427,1,14.43,3.85,0,0,1,1.02479956,-12.9638124,138,1,1.1,0.9,24.43,-0.04,0,0
428,1,0,0,0,0,1,1.03470119,-7.52332411,345,1,1.1,0.9,23.84,0.01,0,0
429,1,0,0,0,0,1,1.02453863,-9.37185059,138,1,1.1,0.9,23.87,0.02,0,0
430,2,0,0,0,0,1,1.04,-7.49492392,13.8,1,1.1,0.9,23.84,0.01,0,0
431,2,0,0,0,0,1,1.04,-7.46223281,13.8,1,1.1,0.9,23.84,0.01,0,0
432,2,0,0,0,0,1,1.04,-7.50516248,13.8,1,1.1,0.9,23.84,0.01,0,0
433,2,0,0,0,0,1,1.04,-7.20132527,13.8,1,1.1,0.9,23.84,0.01,0,0
434,2,0,0,0,0,1,1.04,-7.47536878,13.8,1,1.1,0.9,23.84,0.01,0,0
435,2,0,0,0,0,1,1.03470119,-7.52332411,13.8,1,1.1,0.9,23.84,0.01,0,0
436,2,0,0,0,0,1,1.03470119,-7.52332411,13.8,1,1.1,0.9,23.84,0.01,0,0
437,2,0,0,0,0,1,1.04,-5.59112093,13.8,1,1.1,0.9,23.84,0,0,0
438,2,0,0,0,0,1,1.04,-5.09355733,13.8,1,1.1,0.9,23.84,0,0,0
439,2,0,0,0,0,1,1.04,-6.00260771,13.8,1,1.1,0.9,23.84,0,0,0
440,1,0,0,0,0,1,1.02188375,-8.99242427,345,1,1.1,0.9,24.22,-0,0,0
441,1,0,0,0,0,1,1.01313448,-13.1324106,138,1,1.1,0.9,24.24,-0.01,0,0
442,2,0,0,0,0,1,1.02188375,-8.99242427,13.8,1,1.1,0.9,24.22,-0,0,0
443,2,0,0,0,0,1,1.02188375,-8.99242427,13.8,1,1.1,0.9,24.22,-0,0,0
444,2,0,0,0,0,1,1.02188375,-8.99242427,13.8,1,1.1,0.9,24.22,-0,0,0
445,1,0,0,0,40,1,1.01102741,-10.6371412,138,1,1.1,0.9,24.13,0,0,0
446,1,88.68,23.65,0,0,1,1.00958732,-10.8062714,138,1,1.1,0.9,24.13,0,0,0
447,1,0,0,0,0,1,1.01647382,-10.3210352,138,1,1.1,0.9,25.59,-0.36,0,0
448,1,57.56,15.35,0,0,1,1.01556336,-10.4388541,138,1,1.1,0.9,25.59,-0.36,0,0
449,1,0,0,0,0,1,1.01574499,-10.5941886,138,1,1.1,0.9,23.9,0.01,0,0
450,1,1.12,0.3,0,0,1,1.01572941,-10.5961717,138,1,1.1,0.9,23.9,0.01,0,0
451,1,2.21,0.59,0,0,1,1.01571502,-10.5979354,138,1,1.1,0.9,23.9,0.01,0,0
452,1,11.16,2.98,0,0,1,1.02131898,1.20207397,138,1,1.1,0.9,15.71,0.62,0,0
453,1,0,0,0,0,1,1.03182616,-8.81738569,345,2,1.1,0.9,24.44,-0.01,0,0
454,1,0,0,0,0,1,1.01647301,-13.0741124,138,2,1.1,0.9,24.44,-0.01,0,0
455,2,0,0,0,0,1,1.04,-8.24777473,13.8,2,1.1,0.9,24.44,0,0,0
456,2,0,0,0,0,1,1.04,-7.63067518,13.8,2,1.1,0.9,24.44,0,0,0
457,1,0,0,0,0,1,1.02677874,-9.24882347,138,2,1.1,0.9,24.44,-0,0,0
458,2,0,0,0,0,1,1.04,-5.02195312,13.8,2,1.1,0.9,24.44,-0,0,0
459,1,74.47,19.86,0,0,1,1.01616902,4.59795523,138,1,1.1,0.9,7.54,-0.24,0,0
460,1,26.34,7.02,0,0,1,1.00854032,-11.6590136,138,1,1.1,0.9,23.94,0.01,0,0
461,1,91.72,24.46,0,0,1,1.00618472,-10.6293086,138,1,1.1,0.9,24.13,0,0,0
462,1,0,0,0,0,1,1.02342904,-9.96907448,138,1,1.1,0.9,24.4,-0.07,0,0
463,2,0,0,0,0,1,1.02342904,-9.96907448,13.8,1,1.1,0.9,24.4,-0.07,0,0
464,1,0,0,0,0,1,1.03201582,-7.78828382,345,1,1.1,0.9,23.94,0,0,0
465,1,12.52,3.34,0,0,1,1.02752159,-8.97544172,138,1,1.1,0.9,24.12,-0.01,0,0
466,1,43.34,11.56,0,0,1,1.02261567,-9.64644406,138,1,1.1,0.9,23.87,0.02,0,0
467,1,0.81,0.22,0,0,1,1.01829217,-7.83508422,138,1,1.1,0.9,24.14,0,0,0
468,1,3.76,1,0,0,1,1.00878061,-10.5875347,138,1,1.1,0.9,24.09,-0,0,0
469,1,128.53,34.28,0,0,1,0.99718618,-14.2247583,138,1,1.1,0.9,23.99,0.01,0,0
470,1,42.56,11.35,0,0,1,1.01951803,-7.43230175,138,1,1.1,0.9,24.14,0,0,0
471,1,0,0,0,0,1,1.03271943,-7.47457917,345,1,1.1,0.9,23.92,0.01,0,0
472,1,49.71,13.26,0,0,1,1.02556839,-9.01274602,138,1,1.1,0.9,23.95,0.01,0,0
473,1,1,0.27,0,0,1,1.01962661,-6.97741648,138,1,1.1,0.9,24.14,0,0,0
474,1,167.22,44.59,0,0,1,0.990757602,-14.5635523,138,1,1.1,0.9,24.08,-0,0,0
475,1,0.16,0.04,0,0,1,1.02045314,-7.88796525,138,2,1.1,0.9,25.08,-0.2,0,0
476,1,59.86,15.96,0,0,1,1.01858974,-13.3263881,138,2,1.1,0.9,24.44,-0.01,0,0
477,1,31.33,8.35,0,0,1,1.01712617,-11.5037437,138,1,1.1,0.9,24.84,-0.18,0,0
478,1,9.16,2.44,0,0,1,1.02508817,-6.59103218,138,1,1.1,0.9,28.63,-1.09,0,0
479,1,0,0,0,0,1,1.03409836,-7.44869754,138,2,1.1,0.9,24.44,-0,0,0
480,2,0,0,0,0,1,1.04,-5.57856538,13.8,2,1.1,0.9,24.44,0,0,0
481,2,0,0,0,0,1,1.04,-6.13504714,13.8,2,1.1,0.9,24.44,0,0,0
482,2,0,0,0,0,1,1.04,-6.69751453,13.8,2,1.1,0.9,24.44,-0,0,0
483,2,0,0,0,0,1,1.04,-6.17154514,13.8,2,1.1,0.9,24.44,0,0,0
484,2,0,0,0,0,1,1.04,-6.63813954,13.8,2,1.1,0.9,24.44,-0,0,0
485,1,27.88,7.43,0,0,1,1.01371827,-13.9098439,138,2,1.1,0.9,24.44,-0.01,0,0
486,1,68.54,18.28,0,0,1,1.0166093,-13.0504413,138,2,1.1,0.9,24.44,-0.01,0,0
487,1,11.67,3.11,0,0,1,1.02543024,-16.3493093,138,1,1.1,0.9,24.19,0,0,0
488,1,97.9,26.11,0,0,1,0.996574891,-13.8891399,138,1,1.1,0.9,23.91,0.01,0,0
489,1,3.68,0.98,0,0,1,1.02532762,-13.7499005,138,2,1.1,0.9,24.32,-0,0,0
490,1,29.81,7.95,0,0,1,1.02384509,-14.6030436,138,1,1.1,0.9,24.36,-0.03,0,0
491,1,119.53,31.87,0,50,1,1.01823458,-14.9668993,138,2,1.1,0.9,24.44,-0.01,0,0
492,1,59.54,15.88,0,0,1,1.01685958,-5.99248815,138,1,1.1,0.9,30.28,-1.47,0,0
493,1,4.05,1.08,0,0,1,1.02088432,-8.65529385,138,1,1.1,0.9,25.89,-0.4,0,0
494,2,0,0,0,0,1,1.02088432,-8.65529385,13.8,1,1.1,0.9,25.89,-0.4,0,0
495,1,75.17,20.05,0,0,1,1.01329086,-10.9697225,138,1,1.1,0.9,23.91,0.01,0,0
496,1,0,0,0,0,1,1.02045242,4.85244884,138,1,1.1,0.9,7.29,-0.29,0,0
497,2,0,0,0,0,1,1.04,6.92400549,13.8,1,1.1,0.9,7.34,-0.27,0,0
498,2,0,0,0,0,1,1.04,5.95840729,13.8,1,1.1,0.9,7.32,-0.28,0,0
499,1,122.33,32.62,0,0,1,1.00536261,-15.196152,138,2,1.1,0.9,24.42,-0.01,0,0
500,1,23.43,6.25,0,0,1,1.02381372,-13.8786365,138,2,1.1,0.9,24.31,-0.01,0,0
